<!DOCTYPE VNCLASS SYSTEM "vn_class-3.dtd">
<VNCLASS xmlns:xsi="http://www.w3.org/2001/XMLSchema-instance" ID="adjust-26.9" xsi:noNamespaceSchemaLocation="vn_schema-3.xsd">
    <MEMBERS>
        <MEMBER name="adapt" wn="adapt%2:30:02" grouping="adapt.01"/>
        <MEMBER name="accommodate" wn="accommodate%2:30:00 accommodate%2:30:01" grouping="accommodate.02"/>
        <MEMBER name="conform" wn="conform%2:30:01" grouping="conform.02"/>
        <MEMBER name="adjust" wn="adjust%2:30:01" grouping="adjust.02"/>
        <MEMBER name="gear" wn="gear%2:30:00" grouping="gear.01"/>
        <MEMBER name="fit" wn="fit%2:30:02" grouping="fit.02"/>
        <MEMBER name="readjust" wn="readjust%2:30:00" grouping=""/>
        <MEMBER name="readapt" wn="readapt%2:30:03" grouping=""/>
        <MEMBER name="assimilate" wn="assimilate%2:30:00" grouping="assimilate.01"/>
    </MEMBERS>
    <THEMROLES>
        <THEMROLE type="Agent">
            <SELRESTRS logic="or">
                <SELRESTR Value="+" type="animate"/>
                <SELRESTR Value="+" type="organization"/>
            </SELRESTRS>
        </THEMROLE>
        <THEMROLE type="Patient">
            <SELRESTRS/>
        </THEMROLE>
        <THEMROLE type="Goal">
            <SELRESTRS/>
        </THEMROLE>
        <THEMROLE type="Source">
            <SELRESTRS/>
        </THEMROLE>
    </THEMROLES>
    <FRAMES>
        <FRAME>
            <DESCRIPTION descriptionNumber="0.2" primary="NP V NP" secondary="NP" xtag="0.2"/>
            <EXAMPLES>
                <EXAMPLE>He adapted himself.</EXAMPLE>
            </EXAMPLES>
            <SYNTAX>
                <NP value="Agent">
                    <SYNRESTRS/>
                </NP>
                <VERB/>
                <NP value="Patient">
                    <SYNRESTRS/>
                </NP>
            </SYNTAX>
            <SEMANTICS>
                <PRED value="cause">
                    <ARGS>
                        <ARG type="ThemRole" value="Agent"/>
                        <ARG type="Event" value="E"/>
                    </ARGS>
                </PRED>
                <PRED value="adjust">
                    <ARGS>
                        <ARG type="Event" value="during(E)"/>
                        <ARG type="ThemRole" value="Patient"/>
                        <ARG type="ThemRole" value="?Goal"/>
                    </ARGS>
                </PRED>
            </SEMANTICS>
        </FRAME>
        <FRAME>
            <DESCRIPTION descriptionNumber="8.1" primary="NP V NP PP" secondary="NP-PP; to-PP" xtag="0.2"/>
            <EXAMPLES>
                <EXAMPLE>He adapted himself to the situation.</EXAMPLE>
            </EXAMPLES>
            <SYNTAX>
                <NP value="Agent">
                    <SYNRESTRS/>
                </NP>
                <VERB/>
                <NP value="Patient">
                    <SYNRESTRS/>
                </NP>
		<PREP value="to">
		    <SELRESTRS/>
		</PREP>
                <NP value="Goal">
                    <SYNRESTRS>
			<SYNRESTR Value="-" type="sentential"/>
		    </SYNRESTRS>
                </NP>
            </SYNTAX>
            <SEMANTICS>
                <PRED value="cause">
                    <ARGS>
                        <ARG type="ThemRole" value="Agent"/>
                        <ARG type="Event" value="E"/>
                    </ARGS> 
                </PRED>
                <PRED value="path_rel">
                    <ARGS>
                        <ARG type="Event" value="start(E)"/>
                        <ARG type="ThemRole" value="Patient"/>
                        <ARG type="ThemRole" value="?Source"/>
                        <ARG type="Constant" value="ch_of_state"/>
                        <ARG type="VerbSpecific" value="prep"/>
                    </ARGS>
                </PRED>
                <PRED value="path_rel">
                    <ARGS>
                        <ARG type="Event" value="end(E)"/>
                        <ARG type="ThemRole" value="Patient"/>
                        <ARG type="ThemRole" value="Goal"/>
                        <ARG type="Constant" value="ch_of_state"/>
                        <ARG type="VerbSpecific" value="prep"/>
                    </ARGS>
                </PRED>
            </SEMANTICS>
        </FRAME>
        <FRAME>
            <DESCRIPTION descriptionNumber="8.1" primary="NP V NP S_ING" secondary="NP-P-ING-OC; to-PP" xtag="0.2"/>
            <EXAMPLES>
                <EXAMPLE>He adapted himself to waking up early.</EXAMPLE>
            </EXAMPLES>
            <SYNTAX>
                <NP value="Agent">
                    <SYNRESTRS/>
                </NP>
                <VERB/>
                <NP value="Patient">
                    <SYNRESTRS/>
                </NP>
                <PREP value="to">
                    <SELRESTRS/>
                </PREP>
                <NP value="Goal">
                    <SYNRESTRS>
                        <SYNRESTR Value="+" type="oc_ing"/>
                    </SYNRESTRS>
                </NP>
            </SYNTAX>
            <SEMANTICS>
                <PRED value="cause">
                    <ARGS>
                        <ARG type="ThemRole" value="Agent"/>
                        <ARG type="Event" value="E"/>
                    </ARGS>
                </PRED>
                <PRED value="path_rel">
                    <ARGS>
                        <ARG type="Event" value="start(E)"/>
                        <ARG type="ThemRole" value="Patient"/>
                        <ARG type="ThemRole" value="?Source"/>
                        <ARG type="Constant" value="ch_of_state"/>
                        <ARG type="VerbSpecific" value="prep"/>
                    </ARGS>
                </PRED>
                <PRED value="path_rel">
                    <ARGS>
                        <ARG type="Event" value="end(E)"/>
                        <ARG type="ThemRole" value="Patient"/>
                        <ARG type="ThemRole" value="Goal"/>
                        <ARG type="Constant" value="ch_of_state"/>
                        <ARG type="VerbSpecific" value="prep"/>
                    </ARGS>
                </PRED>
            </SEMANTICS>
        </FRAME>
        <FRAME>
            <DESCRIPTION descriptionNumber="8.1" primary="NP V S_ING" secondary="P-ING-SC; to-PP" xtag="0.2"/>
            <EXAMPLES>
                <EXAMPLE>He adapted to waking up early.</EXAMPLE>
            </EXAMPLES>
            <SYNTAX>
                <NP value="Agent">
                    <SYNRESTRS/>
                </NP>
                <VERB/>
                <PREP value="to">
                    <SELRESTRS/>
                </PREP>
                <NP value="Goal">
                    <SYNRESTRS>
                        <SYNRESTR Value="+" type="sc_ing"/>
                    </SYNRESTRS>
                </NP>
            </SYNTAX>
            <SEMANTICS>
                <PRED value="cause">
                    <ARGS>
                        <ARG type="ThemRole" value="Agent"/>
                        <ARG type="Event" value="E"/>
                    </ARGS>
                </PRED>
                <PRED value="path_rel">
                    <ARGS>
                        <ARG type="Event" value="start(E)"/>
                        <ARG type="ThemRole" value="Patient"/>
                        <ARG type="ThemRole" value="?Source"/>
                        <ARG type="Constant" value="ch_of_state"/>
                        <ARG type="VerbSpecific" value="prep"/>
                    </ARGS>
                </PRED>
                <PRED value="path_rel">
                    <ARGS>
                        <ARG type="Event" value="end(E)"/>
                        <ARG type="ThemRole" value="Patient"/>
                        <ARG type="ThemRole" value="Goal"/>
                        <ARG type="Constant" value="ch_of_state"/>
                        <ARG type="VerbSpecific" value="prep"/>
                    </ARGS>
                </PRED>
            </SEMANTICS>
        </FRAME>

        <FRAME>
            <DESCRIPTION descriptionNumber="8.1" primary="NP V PP" secondary="PP" xtag="0.2"/>
            <EXAMPLES>
                <EXAMPLE>He adapted to the situation.</EXAMPLE>                                                              
            </EXAMPLES>
            <SYNTAX>
                <NP value="Agent">
                    <SYNRESTRS/>
                </NP>
                <VERB/>
                <PREP value="to">
                    <SELRESTRS/>
                </PREP>
                <NP value="Goal">
                    <SYNRESTRS/>
                </NP>
            </SYNTAX>
            <SEMANTICS>
                <PRED value="cause">
                    <ARGS>
                        <ARG type="ThemRole" value="Agent"/>
                        <ARG type="Event" value="E"/>
                    </ARGS>
                </PRED>
                <PRED value="path_rel">
                    <ARGS>
                        <ARG type="Event" value="start(E)"/>
                        <ARG type="ThemRole" value="Patient"/>
                        <ARG type="ThemRole" value="?Source"/>
                        <ARG type="Constant" value="ch_of_state"/>
                        <ARG type="VerbSpecific" value="prep"/>
                    </ARGS>
                </PRED>
                <PRED value="path_rel">
                    <ARGS>
                        <ARG type="Event" value="end(E)"/>
                        <ARG type="ThemRole" value="Patient"/>
                        <ARG type="ThemRole" value="Goal"/>
                        <ARG type="Constant" value="ch_of_state"/>
                        <ARG type="VerbSpecific" value="prep"/>
                    </ARGS>
                </PRED>
            </SEMANTICS>
        </FRAME>
    </FRAMES>
    <SUBCLASSES/>
</VNCLASS>