<!DOCTYPE VNCLASS SYSTEM "vn_class-3.dtd">
<VNCLASS xmlns:xsi="http://www.w3.org/2001/XMLSchema-instance" ID="appear-48.1.1" xsi:noNamespaceSchemaLocation="vn_schema-3.xsd">
    <MEMBERS>
        <MEMBER name="appear" wn="appear%2:30:00 appear%2:30:01" grouping="appear.02"/>
        <MEMBER name="arise" wn="arise%2:42:00 arise%2:42:01" grouping="arise.01"/>
        <MEMBER name="awake" wn="awake%2:29:00" grouping=""/>
        <MEMBER name="awaken" wn="awaken%2:29:01" grouping="awaken.01"/>
        <MEMBER name="break" wn="break%2:30:04 break%2:42:14 break%2:38:09 break%2:32:05" grouping="break.07"/>
        <MEMBER name="burst" wn="burst%2:30:02" grouping="burst.02"/>
        <MEMBER name="coalesce" wn="" grouping=""/>
        <MEMBER name="come" wn="come%2:30:01 come%2:42:13" grouping="come.02 come.05"/>
        <MEMBER name="dawn" wn="dawn%2:42:01 dawn%2:30:00" grouping="dawn.02"/>
        <MEMBER name="derive" wn="?derive%2:30:00" grouping="derive.01"/>
        <MEMBER name="develop" wn="develop%2:42:00" grouping="develop.01"/>
        <MEMBER name="emanate" wn="emanate%2:30:00" grouping=""/>
        <MEMBER name="emerge" wn="emerge%2:30:00 emerge%2:30:02 emerge%2:30:01 emerge%2:38:00" grouping="emerge.01 emerge.02"/>
        <MEMBER name="erupt" wn="erupt%2:30:01 erupt%2:30:02" grouping="erupt.01 erupt.02 erupt.03"/>
        <MEMBER name="evolve" wn="evolve%2:30:00" grouping="evolve.01"/>
        <MEMBER name="exude" wn="" grouping=""/>
        <MEMBER name="flow" wn="flow%2:38:01 flow%2:38:00" grouping="flow.01"/>
        <MEMBER name="form" wn="form%2:42:02" grouping="form.02"/>
        <MEMBER name="grow" wn="grow%2:42:00" grouping="grow.05"/>
        <MEMBER name="gush" wn="gush%2:38:00 gush%2:35:00" grouping="gush.01"/>
        <MEMBER name="irrupt" wn="irrupt%2:38:01" grouping="irrupt.01"/>
        <MEMBER name="issue" wn="issue%2:30:00" grouping="issue.02"/>
        <MEMBER name="materialize" wn="materialize%2:30:00" grouping="materialize.01"/>
        <MEMBER name="open" wn="open%2:30:01" grouping="open.01"/>
        <MEMBER name="plop" wn="" grouping="plop.01"/>
        <MEMBER name="pop_up" wn="" grouping=""/>
        <MEMBER name="reappear" wn="" grouping=""/>
        <MEMBER name="re-emerge" wn="" grouping=""/>
        <MEMBER name="result" wn="result%2:42:00" grouping="result.01"/>
        <MEMBER name="rise" wn="rise%2:42:01" grouping="rise.06"/>
        <MEMBER name="show_up" wn="" grouping=""/>
        <MEMBER name="spill" wn="" grouping=""/>
        <MEMBER name="spread" wn="spread%2:35:07" grouping="spread.02"/>
        <MEMBER name="spring up" wn="" grouping=""/>
        <MEMBER name="steal" wn="" grouping="steal.02"/>
        <MEMBER name="stem" wn="stem%2:42:00" grouping="stem.01"/>
        <MEMBER name="stream" wn="stream%2:38:03" grouping="stream.01"/>
        <MEMBER name="supervene" wn="supervene%2:30:00" grouping=""/>
        <MEMBER name="surge" wn="surge%2:38:01" grouping="surge.01"/>
        <MEMBER name="take_shape" wn="" grouping=""/>
        <MEMBER name="turn_up" wn="" grouping=""/>
        <MEMBER name="turn_out" wn="" grouping=""/>
        <MEMBER name="wax" wn="?wax%2:30:00 ?wax%2:30:01" grouping="wax.02"/>
    </MEMBERS>
    <THEMROLES>
        <THEMROLE type="Theme">
            <SELRESTRS/>
        </THEMROLE>
        <THEMROLE type="Location">
            <SELRESTRS/>
        </THEMROLE>
    </THEMROLES>
    <FRAMES>
        <FRAME>
            <DESCRIPTION descriptionNumber="0.1" primary="NP V" secondary="Basic Intransitive" xtag=""/>
            <EXAMPLES>
                <EXAMPLE>A ship appeared.</EXAMPLE>
            </EXAMPLES>
            <SYNTAX>
                <NP value="Theme">
                    <SYNRESTRS/>
                </NP>
                <VERB/>
            </SYNTAX>
            <SEMANTICS>
                <PRED value="appear">
                    <ARGS>
                        <ARG type="Event" value="during(E)"/>
                        <ARG type="ThemRole" value="Theme"/>
                    </ARGS>
                </PRED>
            </SEMANTICS>
        </FRAME>
        <FRAME>
            <DESCRIPTION descriptionNumber="0.1" primary="NP V PP.location" secondary="PP; Location-PP" xtag=""/>
            <EXAMPLES>
                <EXAMPLE>A ship appeared on the horizon.</EXAMPLE>
            </EXAMPLES>
            <SYNTAX>
                <NP value="Theme">
                    <SYNRESTRS/>
                </NP>
                <VERB/>
                <PREP>
                    <SELRESTRS>
                        <SELRESTR Value="+" type="loc"/>
                    </SELRESTRS>
                </PREP>
                <NP value="Location">
                    <SYNRESTRS/>
                </NP>
            </SYNTAX>
            <SEMANTICS>
                <PRED value="appear">
                    <ARGS>
                        <ARG type="Event" value="during(E)"/>
                        <ARG type="ThemRole" value="Theme"/>
                    </ARGS>
                </PRED>
                <PRED bool="!" value="location">
                    <ARGS>
                        <ARG type="Event" value="start(E)"/>
                        <ARG type="ThemRole" value="Theme"/>
                        <ARG type="ThemRole" value="Location"/>
                    </ARGS>
                </PRED>
                <PRED value="location">
                    <ARGS>
                        <ARG type="Event" value="end(E)"/>
                        <ARG type="ThemRole" value="Theme"/>
                        <ARG type="ThemRole" value="Location"/>
                    </ARGS>
                </PRED>
            </SEMANTICS>
        </FRAME>
        <FRAME>
            <DESCRIPTION descriptionNumber="6.1" primary="There V NP PP" secondary="NP-PP; Expletive-there Subject" xtag=""/>
            <EXAMPLES>
                <EXAMPLE>There appeared a ship on the horizon.</EXAMPLE>
            </EXAMPLES>
            <SYNTAX>
                <LEX value="there"/>
                <VERB/>
                <NP value="Theme">
                    <SYNRESTRS/>
                </NP>
                <PREP>
                    <SELRESTRS>
                        <SELRESTR Value="+" type="loc"/>
                    </SELRESTRS>
                </PREP>
                <NP value="Location">
                    <SYNRESTRS/>
                </NP>
            </SYNTAX>
            <SEMANTICS>
                <PRED value="appear">
                    <ARGS>
                        <ARG type="Event" value="during(E)"/>
                        <ARG type="ThemRole" value="Theme"/>
                    </ARGS>
                </PRED>
                <PRED bool="!" value="location">
                    <ARGS>
                        <ARG type="Event" value="start(E)"/>
                        <ARG type="ThemRole" value="Theme"/>
                        <ARG type="ThemRole" value="Location"/>
                    </ARGS>
                </PRED>
                <PRED value="location">
                    <ARGS>
                        <ARG type="Event" value="end(E)"/>
                        <ARG type="ThemRole" value="Theme"/>
                        <ARG type="ThemRole" value="Location"/>
                    </ARGS>
                </PRED>
            </SEMANTICS>
            <!--most verbs-->
        </FRAME>
        <FRAME>
            <DESCRIPTION descriptionNumber="6.2" primary="PP.location V NP" secondary="Locative Inversion" xtag=""/>
            <EXAMPLES>
                <EXAMPLE>On the horizon appeared a large ship.</EXAMPLE>
            </EXAMPLES>
            <SYNTAX>
                <PREP>
                    <SELRESTRS>
                        <SELRESTR Value="+" type="loc"/>
                    </SELRESTRS>
                </PREP>
                <NP value="Location">
                    <SYNRESTRS/>
                </NP>
                <VERB/>
                <NP value="Theme">
                    <SYNRESTRS/>
                </NP>
            </SYNTAX>
            <SEMANTICS>
                <PRED value="appear">
                    <ARGS>
                        <ARG type="Event" value="during(E)"/>
                        <ARG type="ThemRole" value="Theme"/>
                    </ARGS>
                </PRED>
                <PRED bool="!" value="location">
                    <ARGS>
                        <ARG type="Event" value="start(E)"/>
                        <ARG type="ThemRole" value="Theme"/>
                        <ARG type="ThemRole" value="Location"/>
                    </ARGS>
                </PRED>
                <PRED value="location">
                    <ARGS>
                        <ARG type="Event" value="end(E)"/>
                        <ARG type="ThemRole" value="Theme"/>
                        <ARG type="ThemRole" value="Location"/>
                    </ARGS>
                </PRED>
            </SEMANTICS>
            <!--most verbs-->
        </FRAME>
        <FRAME>
            <DESCRIPTION descriptionNumber="" primary="NP V ADV" secondary="ADVP-PRED; here/there" xtag=""/>
            <EXAMPLES>
                <EXAMPLE>It appeared there.</EXAMPLE>
            </EXAMPLES>
            <SYNTAX>
                <NP value="Theme">
                    <SYNRESTRS/>
                </NP>
                <VERB/>
                <NP value="Location">
                    <SYNRESTRS>
                        <SYNRESTR Value="+" type="adv_loc"/>
                    </SYNRESTRS>
                </NP>
            </SYNTAX>
            <SEMANTICS>
                <PRED value="appear">
                    <ARGS>
                        <ARG type="Event" value="during(E)"/>
                        <ARG type="ThemRole" value="Theme"/>
                    </ARGS>
                </PRED>
                <PRED bool="!" value="location">
                    <ARGS>
                        <ARG type="Event" value="start(E)"/>
                        <ARG type="ThemRole" value="Theme"/>
                        <ARG type="ThemRole" value="Location"/>
                    </ARGS>
                </PRED>
                <PRED value="location">
                    <ARGS>
                        <ARG type="Event" value="end(E)"/>
                        <ARG type="ThemRole" value="Theme"/>
                        <ARG type="ThemRole" value="Location"/>
                    </ARGS>
                </PRED>
            </SEMANTICS>
        </FRAME>
    </FRAMES>
    <SUBCLASSES/>
</VNCLASS>