<!DOCTYPE VNCLASS SYSTEM "vn_class-3.dtd">
<VNCLASS xmlns:xsi="http://www.w3.org/2001/XMLSchema-instance" ID="attend-107.4" xsi:noNamespaceSchemaLocation="vn_schema-3.xsd">
    <MEMBERS/>
    <THEMROLES>
        <THEMROLE type="Theme">
           <SELRESTRS/>
        </THEMROLE>
        <THEMROLE type="Goal">
           <SELRESTRS/>
        </THEMROLE>
    </THEMROLES>
    <FRAMES/>
    <SUBCLASSES>
        <VNSUBCLASS ID="attend-107.4-1">       
            <MEMBERS>
                <MEMBER name="attend" wn="attend%2:42:00" grouping="attend.01"/>
                <MEMBER name="patronize" wn="patronize%2:32:00" grouping="patronize.01"/> 
            </MEMBERS>
            <THEMROLES/>
            <FRAMES>
                <FRAME>
                    <DESCRIPTION descriptionNumber="8.1" primary="NP V NP" secondary="Transitive" xtag=""/>
                    <EXAMPLES>
                        <EXAMPLE>I attend the University of Colorado.</EXAMPLE>
                    </EXAMPLES>
                    <SYNTAX>
                        <NP value="Theme">
                            <SYNRESTRS/>
                        </NP>
                        <VERB/>
                        <NP value="Goal">
                            <SYNRESTRS/>
                        </NP>
                    </SYNTAX>
                    <SEMANTICS>
                        <PRED value="set_member">
                            <ARGS>
                                <ARG type="Event" value="E"/>
                                <ARG type="ThemRole" value="Theme"/>
                                <ARG type="ThemRole" value="Goal"/>
                            </ARGS>
                        </PRED>
                    </SEMANTICS>
                </FRAME>
            </FRAMES>
            <SUBCLASSES/>
        </VNSUBCLASS>       
        <VNSUBCLASS ID="attend-107.4-2">
            <MEMBERS>
                <MEMBER name="go" wn="go%2:42:04" grouping="go.09"/>
                <MEMBER name="belong" wn="belong%2:42:02 belong%2:42:03
                belong%2:42:01 belong%2:42:07 belong%2:42:06" grouping="belong.02"/>
            </MEMBERS>
            <THEMROLES/>
            <FRAMES>
                <FRAME>
                    <DESCRIPTION descriptionNumber="8.1" primary="NP V PP" secondary="PP" xtag=""/>
                    <EXAMPLES>
                        <EXAMPLE>I go to the University of Colorado.</EXAMPLE>
                    </EXAMPLES>
                    <SYNTAX>
                        <NP value="Theme">
                            <SYNRESTRS/>
                        </NP>
                        <VERB/>
                        <PREP>
			  <SELRESTRS/>
                        </PREP>
                        <NP value="Goal">
                            <SYNRESTRS/>
                        </NP>
                    </SYNTAX>
                    <SEMANTICS>
                        <PRED value="set_member">
                            <ARGS>
                                <ARG type="Event" value="E"/>
                                <ARG type="ThemRole" value="Theme"/>
                                <ARG type="ThemRole" value="Goal"/>
                            </ARGS>
                        </PRED>
                    </SEMANTICS>
                </FRAME>
            </FRAMES>
            <SUBCLASSES/>
        </VNSUBCLASS>
    </SUBCLASSES>
</VNCLASS>
