<!DOCTYPE VNCLASS SYSTEM "vn_class-3.dtd">
<VNCLASS xmlns:xsi="http://www.w3.org/2001/XMLSchema-instance" ID="battle-36.4" xsi:noNamespaceSchemaLocation="vn_schema-3.xsd">
    <MEMBERS>
	<MEMBER name="argue" wn="argue%2:32:00" grouping="argue.01"/>
        <MEMBER name="bargain" wn="bargain%2:32:00" grouping=""/>
        <MEMBER name="bicker" wn="bicker%2:32:00" grouping=""/>
        <MEMBER name="brawl" wn="brawl%2:32:00" grouping=""/>
        <MEMBER name="clash" wn="clash%2:32:00" grouping=""/>
	<MEMBER name="collide" wn="collide%2:42:00" grouping="collide.02"/>
        <MEMBER name="compete" wn="compete%2:33:00" grouping="compete.01"/>
        <MEMBER name="contend" wn="contend%2:32:01" grouping="contend.02"/>
        <MEMBER name="dicker" wn="dicker%2:40:00" grouping=""/>
        <MEMBER name="dispute" wn="dispute%2:32:01" grouping="dispute.02"/>
	<MEMBER name="fence" wn="fence%2:32:00" grouping="fence.02"/>
        <MEMBER name="feud" wn="feud%2:33:00" grouping=""/>
        <MEMBER name="joust" wn="joust%2:33:00" grouping=""/>
        <MEMBER name="quarrel" wn="quarrel%2:32:00" grouping=""/>
        <MEMBER name="quibble" wn="quibble%2:32:00" grouping=""/>
        <MEMBER name="scrap" wn="scrap%2:32:00" grouping="scrap.02"/>
	<MEMBER name="scuffle" wn="scuffle%2:35:00" grouping=""/>
        <MEMBER name="skirmish" wn="skirmish%2:33:00" grouping=""/>
        <MEMBER name="spar" wn="spar%2:35:01 spar%2:35:00 spar%2:32:00" grouping=""/>
        <MEMBER name="spat" wn="spat%2:32:00" grouping=""/>
        <MEMBER name="squabble" wn="squabble%2:32:00" grouping=""/>
        <MEMBER name="struggle" wn="struggle%2:41:00" grouping="struggle.01"/>
        <MEMBER name="tilt" wn="tilt%2:33:00" grouping="tilt.02"/>
        <MEMBER name="tussle" wn="tussle%2:35:01" grouping=""/>
        <MEMBER name="vie" wn="vie%2:33:00" grouping=""/>
        <MEMBER name="war" wn="war%2:33:00" grouping=""/>
        <MEMBER name="wrangle" wn="wrangle%2:32:00" grouping=""/>
    </MEMBERS>
    <THEMROLES>
        <THEMROLE type="Agent">
            <SELRESTRS logic="or">
                <SELRESTR Value="+" type="animate"/>
                <SELRESTR Value="+" type="organization"/>
            </SELRESTRS>
        </THEMROLE>
        <THEMROLE type="Co-Agent">
            <SELRESTRS logic="or">
                <SELRESTR Value="+" type="animate"/>
                <SELRESTR Value="+" type="organization"/>
            </SELRESTRS>
        </THEMROLE>
        <THEMROLE type="Theme">
            <SELRESTRS/>
        </THEMROLE>
    </THEMROLES>
    <FRAMES>
	<FRAME>
            <DESCRIPTION descriptionNumber="8.1" primary="NP V PP.co-agent" secondary="PP; with-PP" xtag="0.2"/>
            <EXAMPLES>
                <EXAMPLE>Sparta battled with Athens.</EXAMPLE>
            </EXAMPLES>
            <SYNTAX>
                <NP value="Agent">
                    <SYNRESTRS/>
                </NP>
                <VERB/>
                <PREP value="with">
                    <SELRESTRS/>
                </PREP>
                <NP value="Co-Agent">
                    <SYNRESTRS/>
                </NP>
            </SYNTAX>
            <SEMANTICS>
                <PRED value="social_interaction">
                    <ARGS>
                        <ARG type="Event" value="during(E)"/>
                        <ARG type="ThemRole" value="Agent"/>
                        <ARG type="ThemRole" value="Co-Agent"/>
                    </ARGS>
                </PRED>
                <PRED value="conflict">
                    <ARGS>
                        <ARG type="Event" value="during(E)"/>
                        <ARG type="ThemRole" value="Agent"/>
                        <ARG type="ThemRole" value="Co-Agent"/>
                    </ARGS>
                </PRED>
                <PRED bool="?" value="contact">
                    <ARGS>
                        <ARG type="Event" value="during(E)"/>
                        <ARG type="ThemRole" value="Agent"/>
                        <ARG type="ThemRole" value="Co-Agent"/>
                    </ARGS>
                </PRED>
                <PRED value="manner">
                    <ARGS>
                        <ARG type="Constant" value="hostile"/>
                        <ARG type="ThemRole" value="Agent"/>
                        <ARG type="ThemRole" value="Co-Agent"/>
                    </ARGS>
                </PRED>
            </SEMANTICS>
        </FRAME>
	<FRAME>
            <DESCRIPTION descriptionNumber="8.1" primary="NP V" secondary="Plural Agent, Intransitive" xtag="0.2"/>
            <EXAMPLES>
                <EXAMPLE>Sparta and Athens battled.</EXAMPLE>
            </EXAMPLES>
            <SYNTAX>
                <NP value="Agent">
                    <SYNRESTRS>
			<SYNRESTR Value="+" type="plural"/>
		    </SYNRESTRS>
                </NP>
                <VERB/>
            </SYNTAX>
            <SEMANTICS>
                <PRED value="social_interaction">
                    <ARGS>
                        <ARG type="Event" value="during(E)"/>
                        <ARG type="ThemRole" value="Agent"/>
                        <ARG type="ThemRole" value="Co-Agent"/>
                    </ARGS>
                </PRED>
                <PRED value="conflict">
                    <ARGS>
                        <ARG type="Event" value="during(E)"/>
                        <ARG type="ThemRole" value="Agent"/>
                        <ARG type="ThemRole" value="Co-Agent"/>
                    </ARGS>
                </PRED>
            </SEMANTICS>
        </FRAME>
	<FRAME>
            <DESCRIPTION descriptionNumber="8.1" primary="NP V PP.co-agent PP.theme whether S" secondary="PP-PP; co-agent theme whether S" xtag="0.2"/>
            <EXAMPLES>
                <EXAMPLE>Sparta battled with Athens about whether Athens should rule the island.</EXAMPLE>
            </EXAMPLES>
            <SYNTAX>
                <NP value="Agent">
                    <SYNRESTRS/>
                </NP>
                <VERB/>
                <PREP value="with">
                    <SELRESTRS/>
                </PREP>
                <NP value="Co-Agent">
                    <SYNRESTRS/>
                </NP>
                <PREP value="about | over">
                    <SELRESTRS/>
                </PREP>
                <NP value="Theme">
                    <SYNRESTRS>
			<SYNRESTR Value="+" type="wh_comp"/>
		    </SYNRESTRS>
                </NP>
            </SYNTAX>
            <SEMANTICS>
                <PRED value="social_interaction">
                    <ARGS>
                        <ARG type="Event" value="during(E)"/>
                        <ARG type="ThemRole" value="Agent"/>
                        <ARG type="ThemRole" value="Co-Agent"/>
                    </ARGS>
                </PRED>
                <PRED value="conflict">
                    <ARGS>
                        <ARG type="Event" value="during(E)"/>
                        <ARG type="ThemRole" value="Agent"/>
                        <ARG type="ThemRole" value="Co-Agent"/>
                    </ARGS>
                </PRED>
		<PRED value="about">
		    <ARGS>
			<ARG type="Event" value="E"/>
			<ARG type="ThemRole" value="Theme"/>
		    </ARGS>
		</PRED>
                <PRED bool="?" value="contact">
                    <ARGS>
                        <ARG type="Event" value="during(E)"/>
                        <ARG type="ThemRole" value="Agent"/>
                        <ARG type="ThemRole" value="Co-Agent"/>
                    </ARGS>
                </PRED>
                <PRED value="manner">
                    <ARGS>
                        <ARG type="Constant" value="hostile"/>
                        <ARG type="ThemRole" value="Agent"/>
                        <ARG type="ThemRole" value="Co-Agent"/>
                    </ARGS>
                </PRED>
            </SEMANTICS>
        </FRAME>

        <FRAME>
            <DESCRIPTION descriptionNumber="8.1" primary="NP V PP.co-agent PP.theme what S" secondary="PP-P-WHAT-S; with-PP about-PP" xtag="0.2"/>
            <EXAMPLES>
                <EXAMPLE>I battled with him about whether he should go.</EXAMPLE>
            </EXAMPLES>
            <SYNTAX>
                <NP value="Agent">
                    <SYNRESTRS/>
                </NP>
                <VERB/>
                <PREP value="with">
                    <SELRESTRS/>
                </PREP>
                <NP value="Co-Agent">
                    <SYNRESTRS/>
                </NP>
                <PREP value="about | over">
                    <SELRESTRS/>
                </PREP>
                <NP value="Theme">
                    <SYNRESTRS>
                        <SYNRESTR Value="+" type="what_extract"/>
                    </SYNRESTRS>
                </NP>
            </SYNTAX>
            <SEMANTICS>
                <PRED value="social_interaction">
                    <ARGS>
                        <ARG type="Event" value="during(E)"/>
                        <ARG type="ThemRole" value="Agent"/>
                        <ARG type="ThemRole" value="Co-Agent"/>
                    </ARGS>
                </PRED>
                <PRED value="conflict">
                    <ARGS>
                        <ARG type="Event" value="during(E)"/>
                        <ARG type="ThemRole" value="Agent"/>
                        <ARG type="ThemRole" value="Co-Agent"/>
                    </ARGS>
                </PRED>
                <PRED value="about">
                    <ARGS>
                        <ARG type="Event" value="E"/>
                        <ARG type="ThemRole" value="Theme"/>
                    </ARGS>
                </PRED>
                <PRED bool="?" value="contact">
                    <ARGS>
                        <ARG type="Event" value="during(E)"/>
                        <ARG type="ThemRole" value="Agent"/>
                        <ARG type="ThemRole" value="Co-Agent"/>
                    </ARGS>
                </PRED>
            </SEMANTICS>
        </FRAME>
        <FRAME>
            <DESCRIPTION descriptionNumber="8.1" primary="NP V PP.co-agent PP.theme what S_INF" secondary="PP-P-WHAT-TO-INF; with-PP about-PP" xtag="0.2"/>
            <EXAMPLES>
                <EXAMPLE>I battled with him about what to do.</EXAMPLE>
            </EXAMPLES>
            <SYNTAX>
                <NP value="Agent">
                    <SYNRESTRS/>
                </NP>
                <VERB/>
                <PREP value="with">
                    <SELRESTRS/>
                </PREP>
                <NP value="Co-Agent">
                    <SYNRESTRS/>
                </NP>
                <PREP value="about | over">
                    <SELRESTRS/>
                </PREP>
                <NP value="Theme">
                    <SYNRESTRS>
                        <SYNRESTR Value="+" type="what_inf"/>
                    </SYNRESTRS>
                </NP>
            </SYNTAX>
            <SEMANTICS>
                <PRED value="social_interaction">
                    <ARGS>
                        <ARG type="Event" value="during(E)"/>
                        <ARG type="ThemRole" value="Agent"/>
                        <ARG type="ThemRole" value="Co-Agent"/>
                    </ARGS>
                </PRED>
                <PRED value="conflict">
                    <ARGS>
                        <ARG type="Event" value="during(E)"/>
                        <ARG type="ThemRole" value="Agent"/>
                        <ARG type="ThemRole" value="Co-Agent"/>
                    </ARGS>
                </PRED>
                <PRED value="about">
                    <ARGS>
                        <ARG type="Event" value="E"/>
                        <ARG type="ThemRole" value="Theme"/>
                    </ARGS>
                </PRED>
                <PRED bool="?" value="contact">
                    <ARGS>
                        <ARG type="Event" value="during(E)"/>
                        <ARG type="ThemRole" value="Agent"/>
                        <ARG type="ThemRole" value="Co-Agent"/>
                    </ARGS>
                </PRED>
            </SEMANTICS>
        </FRAME>
        <FRAME>
            <DESCRIPTION descriptionNumber="8.1" primary="NP V PP.co-agent PP.theme whether S_INF" secondary="PP-P-WH-TO-INF; with-PP about-PP" xtag="0.2"/>
            <EXAMPLES>
                <EXAMPLE>I battled with him about whether to go.</EXAMPLE>
            </EXAMPLES>
            <SYNTAX>
                <NP value="Agent">
                    <SYNRESTRS/>
                </NP>
                <VERB/>
                <PREP value="with">
                    <SELRESTRS/>
                </PREP>
                <NP value="Co-Agent">
                    <SYNRESTRS/>
                </NP>
                <PREP value="about | over">
                    <SELRESTRS/>
                </PREP>
                <NP value="Theme">
                    <SYNRESTRS>
                        <SYNRESTR Value="+" type="wheth_inf"/>
                    </SYNRESTRS>
                </NP>
            </SYNTAX>
            <SEMANTICS>
                <PRED value="social_interaction">
                    <ARGS>
                        <ARG type="Event" value="during(E)"/>
                        <ARG type="ThemRole" value="Agent"/>
                        <ARG type="ThemRole" value="Co-Agent"/>
                    </ARGS>
                </PRED>
                <PRED value="conflict">
                    <ARGS>
                        <ARG type="Event" value="during(E)"/>
                        <ARG type="ThemRole" value="Agent"/>
                        <ARG type="ThemRole" value="Co-Agent"/>
                    </ARGS>
                </PRED>
                <PRED value="about">
                    <ARGS>
                        <ARG type="Event" value="E"/>
                        <ARG type="ThemRole" value="Theme"/>
                    </ARGS>
                </PRED>
                <PRED bool="?" value="contact">
                    <ARGS>
                        <ARG type="Event" value="during(E)"/>
                        <ARG type="ThemRole" value="Agent"/>
                        <ARG type="ThemRole" value="Co-Agent"/>
                    </ARGS>
                </PRED>

            </SEMANTICS>
        </FRAME>
        <FRAME>
            <DESCRIPTION descriptionNumber="8.1" primary="NP V PP.co-agent PP.theme" secondary="PP-PP; with-PP about-PP" xtag="0.2"/>
            <EXAMPLES>
                <EXAMPLE>I battled with him about it.</EXAMPLE>
            </EXAMPLES>
            <SYNTAX>
                <NP value="Agent">
                    <SYNRESTRS/>
                </NP>
                <VERB/>
                <PREP value="with">
                    <SELRESTRS/>
                </PREP>
                <NP value="Co-Agent">
                    <SYNRESTRS/>
                </NP>
                <PREP value="about | over">
                    <SELRESTRS/>
                </PREP>
                <NP value="Theme">
                    <SYNRESTRS>
                        <SYNRESTR Value="-" type="sentential"/>
                    </SYNRESTRS>
                </NP>
            </SYNTAX>
            <SEMANTICS>
                <PRED value="social_interaction">
                    <ARGS>
                        <ARG type="Event" value="during(E)"/>
                        <ARG type="ThemRole" value="Agent"/>
                        <ARG type="ThemRole" value="Co-Agent"/>
                    </ARGS>
                </PRED>
                <PRED value="conflict">
                    <ARGS>
                        <ARG type="Event" value="during(E)"/>
                        <ARG type="ThemRole" value="Agent"/>
                        <ARG type="ThemRole" value="Co-Agent"/>
                    </ARGS>
                </PRED>
                <PRED value="about">
                    <ARGS>
                        <ARG type="Event" value="E"/>
                        <ARG type="ThemRole" value="Theme"/>
                    </ARGS>
                </PRED>
                <PRED bool="?" value="contact">
                    <ARGS>
                        <ARG type="Event" value="during(E)"/>
                        <ARG type="ThemRole" value="Agent"/>
                        <ARG type="ThemRole" value="Co-Agent"/>
                    </ARGS>
                </PRED>
            </SEMANTICS>
        </FRAME>
        <FRAME>
            <DESCRIPTION descriptionNumber="8.1" primary="NP V PP.topic NP S_ING" secondary="P-POSSING; about-PP" xtag="0.1"/>
            <EXAMPLES>
                <EXAMPLE>They battled about his coming.</EXAMPLE>
            </EXAMPLES>
            <SYNTAX>
                <NP value="Agent">
                    <SYNRESTRS>
                        <SYNRESTR Value="+" type="plural"/>
                    </SYNRESTRS>
                </NP>
                <VERB/>
                <PREP value="about | over">
                    <SELRESTRS/>
                </PREP>
                <NP value="Topic">
                    <SYNRESTRS>
                        <SYNRESTR Value="+" type="poss_ing"/>
                    </SYNRESTRS>
                </NP>
            </SYNTAX>
            <SEMANTICS>
                <PRED value="social_interaction">
                    <ARGS>
                        <ARG type="Event" value="during(E)"/>
                        <ARG type="ThemRole" value="Agent_i"/>
                        <ARG type="ThemRole" value="Agent_j"/>
                    </ARGS>
                </PRED>
                <PRED value="conflict">
                    <ARGS>
                        <ARG type="Event" value="during(E)"/>
                        <ARG type="ThemRole" value="Agent_i"/>
                        <ARG type="ThemRole" value="Agent_j"/>
                    </ARGS>
                </PRED>
                <PRED value="about">
                    <ARGS>
                        <ARG type="Event" value="E"/>
                        <ARG type="ThemRole" value="Topic"/>
                    </ARGS>
                </PRED>
                <PRED bool="?" value="contact">
                    <ARGS>
                        <ARG type="Event" value="during(E)"/>
                        <ARG type="ThemRole" value="Agent"/>
                        <ARG type="ThemRole" value="Co-Agent"/>
                    </ARGS>
                </PRED>
            </SEMANTICS>
        </FRAME>
        <FRAME>
            <DESCRIPTION descriptionNumber="8.1" primary="NP V PP.theme whether S" secondary="P-WH-S; about-PP" xtag="0.1"/>
            <EXAMPLES>
                <EXAMPLE>They battled about whether he should go.</EXAMPLE>
            </EXAMPLES>
            <SYNTAX>
                <NP value="Agent">
                    <SYNRESTRS>
                        <SYNRESTR Value="+" type="plural"/>
                    </SYNRESTRS>
                </NP>
                <VERB/>
                <PREP value="about | over">
                    <SELRESTRS/>
                </PREP>
                <NP value="Theme">
                    <SYNRESTRS>
                        <SYNRESTR Value="+" type="wh_comp"/>
                    </SYNRESTRS>
                </NP>
            </SYNTAX>
            <SEMANTICS>
                <PRED value="social_interaction">
                    <ARGS>
                        <ARG type="Event" value="during(E)"/>
                        <ARG type="ThemRole" value="Agent_i"/>
                        <ARG type="ThemRole" value="Agent_j"/>
                    </ARGS>
                </PRED>
                <PRED value="conflict">
                    <ARGS>
                        <ARG type="Event" value="during(E)"/>
                        <ARG type="ThemRole" value="Agent_i"/>
                        <ARG type="ThemRole" value="Agent_j"/>
                    </ARGS>
                </PRED>
                <PRED value="about">
                    <ARGS>
                        <ARG type="Event" value="E"/>
                        <ARG type="ThemRole" value="Theme"/>
                    </ARGS>
                </PRED>
                <PRED bool="?" value="contact">
                    <ARGS>
                        <ARG type="Event" value="during(E)"/>
                        <ARG type="ThemRole" value="Agent"/>
                        <ARG type="ThemRole" value="Co-Agent"/>
                    </ARGS>
                </PRED>
            </SEMANTICS>
        </FRAME>
        <FRAME>
            <DESCRIPTION descriptionNumber="8.1" primary="NP V PP.theme what S" secondary="P-WHAT-S; about-PP" xtag="0.1"/>
            <EXAMPLES>
                <EXAMPLE>They battled about what was the right thing.</EXAMPLE>
            </EXAMPLES>
            <SYNTAX>
                <NP value="Agent">
                    <SYNRESTRS>
                        <SYNRESTR Value="+" type="plural"/>
                    </SYNRESTRS>
                </NP>
                <VERB/>
                <PREP value="about | over">
                    <SELRESTRS/>
                </PREP>
                <NP value="Theme">
                    <SYNRESTRS>
                        <SYNRESTR Value="+" type="what_extract"/>
                    </SYNRESTRS>
                </NP>
            </SYNTAX>
            <SEMANTICS>
                <PRED value="social_interaction">
                    <ARGS>
                        <ARG type="Event" value="during(E)"/>
                        <ARG type="ThemRole" value="Agent_i"/>
                        <ARG type="ThemRole" value="Agent_j"/>
                    </ARGS>
                </PRED>
                <PRED value="conflict">
                    <ARGS>
                        <ARG type="Event" value="during(E)"/>
                        <ARG type="ThemRole" value="Agent_i"/>
                        <ARG type="ThemRole" value="Agent_j"/>
                    </ARGS>
                </PRED>
                <PRED value="about">
                    <ARGS>
                        <ARG type="Event" value="E"/>
                        <ARG type="ThemRole" value="Theme"/>
                    </ARGS>
                </PRED>
                <PRED bool="?" value="contact">
                    <ARGS>
                        <ARG type="Event" value="during(E)"/>
                        <ARG type="ThemRole" value="Agent"/>
                        <ARG type="ThemRole" value="Co-Agent"/>
                    </ARGS>
                </PRED>
            </SEMANTICS>
        </FRAME>
        <FRAME>
            <DESCRIPTION descriptionNumber="8.1" primary="NP V PP.theme whether S_INF" secondary="P-WH-TO-INF; about-PP" xtag="0.1"/>
            <EXAMPLES>
                <EXAMPLE>They battled about whether to go.</EXAMPLE>
            </EXAMPLES>
            <SYNTAX>
                <NP value="Agent">
                    <SYNRESTRS>
                        <SYNRESTR Value="+" type="plural"/>
                    </SYNRESTRS>
                </NP>
                <VERB/>
                <PREP value="about | over">
                    <SELRESTRS/>
                </PREP>
                <NP value="Theme">
                    <SYNRESTRS>
                        <SYNRESTR Value="+" type="wheth_inf"/>
                    </SYNRESTRS>
                </NP>
            </SYNTAX>
            <SEMANTICS>
                <PRED value="social_interaction">
                    <ARGS>
                        <ARG type="Event" value="during(E)"/>
                        <ARG type="ThemRole" value="Agent_i"/>
                        <ARG type="ThemRole" value="Agent_j"/>
                    </ARGS>
                </PRED>
                <PRED value="conflict">
                    <ARGS>
                        <ARG type="Event" value="during(E)"/>
                        <ARG type="ThemRole" value="Agent_i"/>
                        <ARG type="ThemRole" value="Agent_j"/>
                    </ARGS>
                </PRED>
                <PRED value="about">
                    <ARGS>
                        <ARG type="Event" value="E"/>
                        <ARG type="ThemRole" value="Theme"/>
                    </ARGS>
                </PRED>
                <PRED bool="?" value="contact">
                    <ARGS>
                        <ARG type="Event" value="during(E)"/>
                        <ARG type="ThemRole" value="Agent"/>
                        <ARG type="ThemRole" value="Co-Agent"/>
                    </ARGS>
                </PRED>
            </SEMANTICS>
        </FRAME>
        <FRAME>
            <DESCRIPTION descriptionNumber="8.1" primary="NP V PP.theme what S_INF" secondary="P-WHAT-TO-INF; about-PP" xtag="0.1"/>
            <EXAMPLES>
                <EXAMPLE>They battled about what to do.</EXAMPLE>
            </EXAMPLES>
            <SYNTAX>
                <NP value="Agent">
                    <SYNRESTRS>
                        <SYNRESTR Value="+" type="plural"/>
                    </SYNRESTRS>
                </NP>
                <VERB/>
                <PREP value="about | over">
                    <SELRESTRS/>
                </PREP>
                <NP value="Theme">
                    <SYNRESTRS>
                        <SYNRESTR Value="+" type="what_inf"/>
                    </SYNRESTRS>
                </NP>
            </SYNTAX>
            <SEMANTICS>
                <PRED value="social_interaction">
                    <ARGS>
                        <ARG type="Event" value="during(E)"/>
                        <ARG type="ThemRole" value="Agent_i"/>
                        <ARG type="ThemRole" value="Agent_j"/>
                    </ARGS>
                </PRED>
                <PRED value="conflict">
                    <ARGS>
                        <ARG type="Event" value="during(E)"/>
                        <ARG type="ThemRole" value="Agent_i"/>
                        <ARG type="ThemRole" value="Agent_j"/>
                    </ARGS>
                </PRED>
                <PRED value="about">
                    <ARGS>
                        <ARG type="Event" value="E"/>
                        <ARG type="ThemRole" value="Theme"/>
                    </ARGS>
                </PRED>
                <PRED bool="?" value="contact">
                    <ARGS>
                        <ARG type="Event" value="during(E)"/>
                        <ARG type="ThemRole" value="Agent"/>
                        <ARG type="ThemRole" value="Co-Agent"/>
                    </ARGS>
                </PRED>
            </SEMANTICS>
        </FRAME>
        <FRAME>
            <DESCRIPTION descriptionNumber="8.1" primary="NP V PP.theme" secondary="PP; about-PP" xtag="0.1"/>
            <EXAMPLES>
                <EXAMPLE>They battled about it.</EXAMPLE>
            </EXAMPLES>
            <SYNTAX>
                <NP value="Agent">
                    <SYNRESTRS>
                        <SYNRESTR Value="+" type="plural"/>
                    </SYNRESTRS>
                </NP>
                <VERB/>
                <PREP value="about | over ">
                    <SELRESTRS/>
                </PREP>
                <NP value="Theme">
                    <SYNRESTRS>
                        <SYNRESTR Value="-" type="sentential"/>
                    </SYNRESTRS>
                </NP>
            </SYNTAX>
            <SEMANTICS>
                <PRED value="social_interaction">
                    <ARGS>
                        <ARG type="Event" value="during(E)"/>
                        <ARG type="ThemRole" value="Agent_i"/>
                        <ARG type="ThemRole" value="Agent_j"/>
                    </ARGS>
                </PRED>
                <PRED value="conflict">
                    <ARGS>
                        <ARG type="Event" value="during(E)"/>
                        <ARG type="ThemRole" value="Agent_i"/>
                        <ARG type="ThemRole" value="Agent_j"/>
                    </ARGS>
                </PRED>
                <PRED value="about">
                    <ARGS>
                        <ARG type="Event" value="E"/>
                        <ARG type="ThemRole" value="Theme"/>
                    </ARGS>
                </PRED>
                <PRED bool="?" value="contact">
                    <ARGS>
                        <ARG type="Event" value="during(E)"/>
                        <ARG type="ThemRole" value="Agent"/>
                        <ARG type="ThemRole" value="Co-Agent"/>
                    </ARGS>
                </PRED>
            </SEMANTICS>
        </FRAME>
    </FRAMES>
    <SUBCLASSES>
        <VNSUBCLASS ID="battle-36.4-1">
            <MEMBERS>
	        <MEMBER name="battle" wn="battle%2:33:00" grouping="battle.01"/>
		<MEMBER name="box" wn="box%2:35:01" grouping=""/>
	        <MEMBER name="combat" wn="combat%2:33:00" grouping="combat.01"/>
		<MEMBER name="debate" wn="debate%2:31:00" grouping="debate.02"/>
	        <MEMBER name="duel" wn="duel%2:33:00" grouping=""/>
	        <MEMBER name="fight" wn="fight%2:41:00" grouping="fight.02"/>
	        <MEMBER name="refight" wn="" grouping=""/>
	        <MEMBER name="wrestle" wn="wrestle%2:35:00" grouping="wrestle.01 wrestle.02"/>
            </MEMBERS>
            <THEMROLES/>
            <FRAMES>
        	<FRAME>
		    <DESCRIPTION descriptionNumber="8.1" primary="NP V NP" secondary="Basic Transitive" xtag="0.2"/>
		    <EXAMPLES>
		        <EXAMPLE>Sparta fought Athens.</EXAMPLE>
		    </EXAMPLES>
		    <SYNTAX>
		        <NP value="Agent">
		            <SYNRESTRS/>
		        </NP>
		        <VERB/>
		        <NP value="Co-Agent">
		            <SYNRESTRS/>
		        </NP>
		    </SYNTAX>
		    <SEMANTICS>
		        <PRED value="social_interaction">
		            <ARGS>
		                <ARG type="Event" value="during(E)"/>
		                <ARG type="ThemRole" value="Agent"/>
		                <ARG type="ThemRole" value="Co-Agent"/>
		            </ARGS>
		        </PRED>
		        <PRED value="conflict">
		            <ARGS>
		                <ARG type="Event" value="during(E)"/>
		                <ARG type="ThemRole" value="Agent"/>
		                <ARG type="ThemRole" value="Co-Agent"/>
		            </ARGS>
			</PRED>
		        <PRED bool="?" value="contact">
		            <ARGS>
		                <ARG type="Event" value="during(E)"/>
		                <ARG type="ThemRole" value="Agent"/>
		                <ARG type="ThemRole" value="Co-Agent"/>
		            </ARGS>
		        </PRED>
		        <PRED value="manner">
		            <ARGS>
		                <ARG type="Constant" value="hostile"/>
		                <ARG type="ThemRole" value="Agent"/>
		                <ARG type="ThemRole" value="Co-Agent"/>
		            </ARGS>
		        </PRED>
		    </SEMANTICS>
		</FRAME>
        	<FRAME>
		    <DESCRIPTION descriptionNumber="8.1" primary="NP V NP PP.theme" secondary="NP-PP; PP-Theme" xtag="0.2"/>
		    <EXAMPLES>
		        <EXAMPLE>Sparta fought Athens over land rights.</EXAMPLE>
		    </EXAMPLES>
		    <SYNTAX>
		        <NP value="Agent">
		            <SYNRESTRS/>
		        </NP>
		        <VERB/>
		        <NP value="Co-Agent">
		            <SYNRESTRS/>
		        </NP>
			<PREP value="about | over">
			    <SELRESTRS/>
			</PREP>
			<NP value="Theme">
			    <SYNRESTRS/>
			</NP>
		    </SYNTAX>
		    <SEMANTICS>
		        <PRED value="social_interaction">
		            <ARGS>
		                <ARG type="Event" value="during(E)"/>
		                <ARG type="ThemRole" value="Agent"/>
		                <ARG type="ThemRole" value="Co-Agent"/>
		            </ARGS>
		        </PRED>
		        <PRED value="conflict">
		            <ARGS>
		                <ARG type="Event" value="during(E)"/>
		                <ARG type="ThemRole" value="Agent"/>
		                <ARG type="ThemRole" value="Co-Agent"/>
		            </ARGS>
			</PRED>
			<PRED value="about">
			    <ARGS>
				<ARG type="Event" value="E"/>
				<ARG type="ThemRole" value="Theme"/>
			    </ARGS>
			</PRED>
		        <PRED bool="?" value="contact">
		            <ARGS>
		                <ARG type="Event" value="during(E)"/>
		                <ARG type="ThemRole" value="Agent"/>
		                <ARG type="ThemRole" value="Co-Agent"/>
		            </ARGS>
		        </PRED>
		        <PRED value="manner">
		            <ARGS>
		                <ARG type="Constant" value="hostile"/>
		                <ARG type="ThemRole" value="Agent"/>
		                <ARG type="ThemRole" value="Co-Agent"/>
		            </ARGS>
		        </PRED>
		    </SEMANTICS>
		</FRAME>
        	<FRAME>
		    <DESCRIPTION descriptionNumber="8.1" primary="NP V NP PP.theme whether S" secondary="NP-PP; pp whether/if S" xtag="0.2"/>
		    <EXAMPLES>
		        <EXAMPLE>Sparta fought Athens about whether Athens should rule the island.</EXAMPLE>
		    </EXAMPLES>
		    <SYNTAX>
		        <NP value="Agent">
		            <SYNRESTRS/>
		        </NP>
		        <VERB/>
		        <NP value="Co-Agent">
		            <SYNRESTRS/>
		        </NP>
			<PREP value="about | over">
			    <SELRESTRS/>
			</PREP>
			<NP value="Theme">
			    <SYNRESTRS/>
			</NP>
		    </SYNTAX>
		    <SEMANTICS>
		        <PRED value="social_interaction">
		            <ARGS>
		                <ARG type="Event" value="during(E)"/>
		                <ARG type="ThemRole" value="Agent"/>
		                <ARG type="ThemRole" value="Co-Agent"/>
		            </ARGS>
		        </PRED>
		        <PRED value="conflict">
		            <ARGS>
		                <ARG type="Event" value="during(E)"/>
		                <ARG type="ThemRole" value="Agent"/>
		                <ARG type="ThemRole" value="Co-Agent"/>
		            </ARGS>
			</PRED>
			<PRED value="about">
			    <ARGS>
				<ARG type="Event" value="E"/>
				<ARG type="ThemRole" value="Theme"/>
			    </ARGS>
			</PRED>
		        <PRED bool="?" value="contact">
		            <ARGS>
		                <ARG type="Event" value="during(E)"/>
		                <ARG type="ThemRole" value="Agent"/>
		                <ARG type="ThemRole" value="Co-Agent"/>
		            </ARGS>
		        </PRED>
		        <PRED value="manner">
		            <ARGS>
		                <ARG type="Constant" value="hostile"/>
		                <ARG type="ThemRole" value="Agent"/>
		                <ARG type="ThemRole" value="Co-Agent"/>
		            </ARGS>
		        </PRED>
		    </SEMANTICS>
		</FRAME>
        	<FRAME>
		    <DESCRIPTION descriptionNumber="8.1" primary="NP V NP PP.theme what S" secondary="NP-PP; PP what S" xtag="0.2"/>
		    <EXAMPLES>
		        <EXAMPLE>John fought Simon about what they should do.</EXAMPLE>
		    </EXAMPLES>
		    <SYNTAX>
		        <NP value="Agent">
		            <SYNRESTRS/>
		        </NP>
		        <VERB/>
		        <NP value="Co-Agent">
		            <SYNRESTRS/>
		        </NP>
			<PREP value="about | over">
			    <SELRESTRS/>
			</PREP>
			<NP value="Theme">
			    <SYNRESTRS/>
			</NP>
		    </SYNTAX>
		    <SEMANTICS>
		        <PRED value="social_interaction">
		            <ARGS>
		                <ARG type="Event" value="during(E)"/>
		                <ARG type="ThemRole" value="Agent"/>
		                <ARG type="ThemRole" value="Co-Agent"/>
		            </ARGS>
		        </PRED>
		        <PRED value="conflict">
		            <ARGS>
		                <ARG type="Event" value="during(E)"/>
		                <ARG type="ThemRole" value="Agent"/>
		                <ARG type="ThemRole" value="Co-Agent"/>
		            </ARGS>
			</PRED>
			<PRED value="about">
			    <ARGS>
				<ARG type="Event" value="E"/>
				<ARG type="ThemRole" value="Theme"/>
			    </ARGS>
			</PRED>
		        <PRED bool="?" value="contact">
		            <ARGS>
		                <ARG type="Event" value="during(E)"/>
		                <ARG type="ThemRole" value="Agent"/>
		                <ARG type="ThemRole" value="Co-Agent"/>
		            </ARGS>
		        </PRED>
		        <PRED value="manner">
		            <ARGS>
		                <ARG type="Constant" value="hostile"/>
		                <ARG type="ThemRole" value="Agent"/>
		                <ARG type="ThemRole" value="Co-Agent"/>
		            </ARGS>
		        </PRED>
		    </SEMANTICS>
		</FRAME>
        	<FRAME>
		    <DESCRIPTION descriptionNumber="8.1" primary="NP V NP PP.theme whether S_INF" secondary="NP-PP; PP whether S_inf" xtag="0.2"/>
		    <EXAMPLES>
		        <EXAMPLE>John fought Simon about whether to go.</EXAMPLE>
		    </EXAMPLES>
		    <SYNTAX>
		        <NP value="Agent">
		            <SYNRESTRS/>
		        </NP>
		        <VERB/>
		        <NP value="Co-Agent">
		            <SYNRESTRS/>
		        </NP>
			<PREP value="about | over">
			    <SELRESTRS/>
			</PREP>
			<NP value="Theme">
			    <SYNRESTRS/>
			</NP>
		    </SYNTAX>
		    <SEMANTICS>
		        <PRED value="social_interaction">
		            <ARGS>
		                <ARG type="Event" value="during(E)"/>
		                <ARG type="ThemRole" value="Agent"/>
		                <ARG type="ThemRole" value="Co-Agent"/>
		            </ARGS>
		        </PRED>
		        <PRED value="conflict">
		            <ARGS>
		                <ARG type="Event" value="during(E)"/>
		                <ARG type="ThemRole" value="Agent"/>
		                <ARG type="ThemRole" value="Co-Agent"/>
		            </ARGS>
			</PRED>
			<PRED value="about">
			    <ARGS>
				<ARG type="Event" value="E"/>
				<ARG type="ThemRole" value="Theme"/>
			    </ARGS>
			</PRED>
		        <PRED bool="?" value="contact">
		            <ARGS>
		                <ARG type="Event" value="during(E)"/>
		                <ARG type="ThemRole" value="Agent"/>
		                <ARG type="ThemRole" value="Co-Agent"/>
		            </ARGS>
		        </PRED>
		        <PRED value="manner">
		            <ARGS>
		                <ARG type="Constant" value="hostile"/>
		                <ARG type="ThemRole" value="Agent"/>
		                <ARG type="ThemRole" value="Co-Agent"/>
		            </ARGS>
		        </PRED>
		    </SEMANTICS>
		</FRAME>
        	<FRAME>
		    <DESCRIPTION descriptionNumber="8.1" primary="NP V NP PP.theme what S_INF" secondary="NP-PP; PP what S_INF" xtag="0.2"/>
		    <EXAMPLES>
		        <EXAMPLE>John fought Simon over what to do.</EXAMPLE>
		    </EXAMPLES>
		    <SYNTAX>
		        <NP value="Agent">
		            <SYNRESTRS/>
		        </NP>
		        <VERB/>
		        <NP value="Co-Agent">
		            <SYNRESTRS/>
		        </NP>
			<PREP value="about | over">
			    <SELRESTRS/>
			</PREP>
			<NP value="Theme">
			    <SYNRESTRS/>
			</NP>
		    </SYNTAX>
		    <SEMANTICS>
		        <PRED value="social_interaction">
		            <ARGS>
		                <ARG type="Event" value="during(E)"/>
		                <ARG type="ThemRole" value="Agent"/>
		                <ARG type="ThemRole" value="Co-Agent"/>
		            </ARGS>
		        </PRED>
		        <PRED value="conflict">
		            <ARGS>
		                <ARG type="Event" value="during(E)"/>
		                <ARG type="ThemRole" value="Agent"/>
		                <ARG type="ThemRole" value="Co-Agent"/>
		            </ARGS>
			</PRED>
			<PRED value="about">
			    <ARGS>
				<ARG type="Event" value="E"/>
				<ARG type="ThemRole" value="Theme"/>
			    </ARGS>
			</PRED>
		        <PRED bool="?" value="contact">
		            <ARGS>
		                <ARG type="Event" value="during(E)"/>
		                <ARG type="ThemRole" value="Agent"/>
		                <ARG type="ThemRole" value="Co-Agent"/>
		            </ARGS>
		        </PRED>
		        <PRED value="manner">
		            <ARGS>
		                <ARG type="Constant" value="hostile"/>
		                <ARG type="ThemRole" value="Agent"/>
		                <ARG type="ThemRole" value="Co-Agent"/>
		            </ARGS>
		        </PRED>
		    </SEMANTICS>
		</FRAME>
            </FRAMES>
            <SUBCLASSES/>
        </VNSUBCLASS>
    </SUBCLASSES>
</VNCLASS>