<!DOCTYPE VNCLASS SYSTEM "vn_class-3.dtd">
<VNCLASS xmlns:xsi="http://www.w3.org/2001/XMLSchema-instance" ID="begin-55.1" xsi:noNamespaceSchemaLocation="vn_schema-3.xsd">
    <MEMBERS>
        <MEMBER name="go_on" wn="go_on%2:38:00" grouping=""/>
        <MEMBER name="pledge" wn="" grouping=""/>
        <MEMBER name="proceed" wn="proceed%2:38:00" grouping="proceed.02"/>
        <MEMBER name="set_out" wn="set_out%2:30:00" grouping="set.06"/>
    </MEMBERS>
    <THEMROLES>
        <THEMROLE type="Agent">
            <SELRESTRS logic="or">
                <SELRESTR Value="+" type="animate"/>
                <SELRESTR Value="+" type="organization"/>
            </SELRESTRS>
        </THEMROLE>
        <THEMROLE type="Theme">
            <SELRESTRS/>
        </THEMROLE>
        <THEMROLE type="Instrument">
            <SELRESTRS/>
        </THEMROLE>
    </THEMROLES>
    <FRAMES>
        <FRAME>
            <DESCRIPTION descriptionNumber="8.1" primary="NP V S_INF" secondary="TO-INF-SC" xtag="0.2"/>
            <EXAMPLES>
                <EXAMPLE>He began to pack.</EXAMPLE>
            </EXAMPLES>
            <SYNTAX>
                <NP value="Agent">
                    <SYNRESTRS/>
                </NP>
                <VERB/>
                <NP value="Theme">
                    <SYNRESTRS>
                        <SYNRESTR Value="+" type="sc_to_inf"/>
                    </SYNRESTRS>
                </NP>
            </SYNTAX>
            <SEMANTICS>
                <PRED value="begin">
                    <ARGS>
                        <ARG type="Event" value="E"/>
                        <ARG type="ThemRole" value="Theme"/>
                    </ARGS>
                </PRED>
                <PRED value="cause">
                    <ARGS>
                        <ARG type="ThemRole" value="Agent"/>
                        <ARG type="Event" value="E"/>
                    </ARGS>
                </PRED>
            </SEMANTICS>
        </FRAME>
    </FRAMES>
    <SUBCLASSES>
        <VNSUBCLASS ID="begin-55.1-1">
            <MEMBERS>
                <MEMBER name="set_about" wn="" grouping="set.06"/>
            </MEMBERS>
            <THEMROLES/>
			<FRAMES>
				 <FRAME>
					 <DESCRIPTION descriptionNumber="8.1" primary="NP V S_ING" secondary="ING-SC/BE-ING-SC" xtag=""/>
					 <EXAMPLES>
						 <EXAMPLE>John began going to the area.</EXAMPLE>
					 </EXAMPLES>
					 <SYNTAX>
						 <NP value="Agent">
							 <SYNRESTRS/>
						 </NP>
						 <VERB/>
						 <NP value="Theme">
							 <SYNRESTRS>
								 <SYNRESTR Value="+" type="be_sc_ing"/>
							 </SYNRESTRS>
						 </NP>
					 </SYNTAX>
					 <SEMANTICS>
						 <PRED value="begin">
							 <ARGS>
								 <ARG type="Event" value="E"/>
								 <ARG type="ThemRole" value="Theme"/>
							 </ARGS>
						 </PRED>
						 <PRED value="cause">
							 <ARGS>
								 <ARG type="ThemRole" value="Agent"/>
								 <ARG type="Event" value="E"/>
							 </ARGS>
						 </PRED>
					 </SEMANTICS>
				 </FRAME>
			</FRAMES>			
			<SUBCLASSES>
				<VNSUBCLASS ID="begin-55.1-1-1">
					<MEMBERS>
						<MEMBER name="begin" wn="begin%2:30:00 begin%2:42:00 begin%2:30:01 begin%2:42:04 begin%2:41:04 begin%2:41:00" grouping="begin.01 begin.02 begin.04"/>
						<MEMBER name="start" wn="start%2:30:00 start%2:30:01 start%2:38:02 start%2:38:01 start%2:38:00 start%2:41:00 start%2:41:04" grouping="start.02 start.03 start.04 start.05"/>
						<MEMBER name="start_off" wn="" grouping=""/>
						<MEMBER name="commence" wn="commence%2:30:00 commence%2:30:01" grouping="commence.01"/>
						<MEMBER name="recommence" wn="recommence%2:30:01 recommence%2:30:00" grouping=""/>
						<MEMBER name="resume" wn="resume%2:30:00 resume%2:30:01" grouping="resume.01 resume.02"/>
						<MEMBER name="undertake" wn="undertake%2:36:00" grouping="undertake.01"/>
					</MEMBERS>
					<THEMROLES/>
					<FRAMES>
						<FRAME>
							<DESCRIPTION descriptionNumber="" primary="NP.theme V" secondary="Intransitive; Inchoative" xtag=""/>
							<EXAMPLES>
								<EXAMPLE>The storm began.</EXAMPLE>
							</EXAMPLES>
							<SYNTAX>
								<NP value="Theme">
									<SYNRESTRS/>
								</NP>
								<VERB/>
							</SYNTAX>
							<SEMANTICS>
								<PRED value="begin">
									<ARGS>
										<ARG type="Event" value="E"/>
										<ARG type="ThemRole" value="Theme"/>
									</ARGS>
								</PRED>
							</SEMANTICS>
						</FRAME>
						<FRAME>
							<DESCRIPTION descriptionNumber="" primary="NP V NP" secondary="Basic Transitive" xtag=""/>
							<EXAMPLES>
								<EXAMPLE>John started the party.</EXAMPLE>
							</EXAMPLES>
							<SYNTAX>
								<NP value="Agent">
									<SYNRESTRS/>
								</NP>
								<VERB/>
								<NP value="Theme">
									<SYNRESTRS/>
								</NP>
							</SYNTAX>
							<SEMANTICS>
								<PRED value="begin">
									<ARGS>
										<ARG type="Event" value="E"/>
										<ARG type="ThemRole" value="Theme"/>
									</ARGS>
								</PRED>
								<PRED value="cause">
									<ARGS>
										<ARG type="ThemRole" value="Agent"/>
										<ARG type="Event" value="E"/>
									</ARGS>
								</PRED>
							</SEMANTICS>
						</FRAME>
						<FRAME>
							<DESCRIPTION descriptionNumber="" primary="NP V PP.instrument" secondary="PP; with-PP" xtag=""/>
							<EXAMPLES>
								<EXAMPLE>The party began with a bang.</EXAMPLE>
							</EXAMPLES>
							<SYNTAX>
								<NP value="Theme">
									<SYNRESTRS/>
								</NP>
								<VERB/>
								<PREP value="with">
									<SELRESTRS/>
								</PREP>
								<NP value="Instrument">
									<SYNRESTRS/>
								</NP>
							</SYNTAX>
							<SEMANTICS>
								<PRED value="begin">
									<ARGS>
										<ARG type="Event" value="E"/>
										<ARG type="ThemRole" value="Theme"/>
									</ARGS>
								</PRED>
								<PRED value="utilize">
									<ARGS>
										<ARG type="Event" value="during(E)"/>
										<ARG type="ThemRole" value="?Agent"/>
										<ARG type="ThemRole" value="Instrument"/>
									</ARGS>
								</PRED>
							</SEMANTICS>
						</FRAME>
						<FRAME>
							<DESCRIPTION descriptionNumber="" primary="NP V NP PP.instrument" secondary="NP-PP; with-PP" xtag=""/>
							<EXAMPLES>
								<EXAMPLE>I began the party with a speech.</EXAMPLE>
							</EXAMPLES>
							<SYNTAX>
								<NP value="Agent">
									<SYNRESTRS/>
								</NP>
								<VERB/>
								<NP value="Theme">
									<SYNRESTRS/>
								</NP>
								<PREP value="with">
									<SELRESTRS/>
								</PREP>
								<NP value="Instrument">
									<SYNRESTRS/>
								</NP>
							</SYNTAX>
							<SEMANTICS>
								<PRED value="begin">
									<ARGS>
										<ARG type="Event" value="E"/>
										<ARG type="ThemRole" value="Theme"/>
									</ARGS>
								</PRED>
								<PRED value="utilize">
									<ARGS>
										<ARG type="Event" value="during(E)"/>
										<ARG type="ThemRole" value="Agent"/>
										<ARG type="ThemRole" value="Instrument"/>
									</ARGS>
								</PRED>
								<PRED value="cause">
									<ARGS>
										<ARG type="ThemRole" value="Agent"/>
										<ARG type="Event" value="E"/>
									</ARGS>
								</PRED>
							</SEMANTICS>
						</FRAME>
						<FRAME>
							<DESCRIPTION descriptionNumber="8.1" primary="NP.instrument V NP" secondary="Intransitive; Instrument Subject" xtag=""/>
							<EXAMPLES>
								<EXAMPLE>A murder began the book.</EXAMPLE>
							</EXAMPLES>
							<SYNTAX>
								<NP value="Instrument">
									<SYNRESTRS/>
								</NP>
								<VERB/>
								<NP value="Theme">
									<SYNRESTRS/>
								</NP>
							</SYNTAX>
							<SEMANTICS>
								<PRED value="begin">
									<ARGS>
										<ARG type="Event" value="E"/>
										<ARG type="ThemRole" value="Theme"/>
									</ARGS>
								</PRED>
								<PRED value="utilize">
									<ARGS>
										<ARG type="Event" value="during(E)"/>
										<ARG type="ThemRole" value="?Agent"/>
										<ARG type="ThemRole" value="Instrument"/>
									</ARGS>
								</PRED>
							</SEMANTICS>
						</FRAME>
					</FRAMES>
					<SUBCLASSES/>
				</VNSUBCLASS>
			</SUBCLASSES>
		</VNSUBCLASS>
    </SUBCLASSES>
</VNCLASS>