<!DOCTYPE VNCLASS SYSTEM "vn_class-3.dtd">
<VNCLASS xmlns:xsi="http://www.w3.org/2001/XMLSchema-instance" ID="cognize-85" xsi:noNamespaceSchemaLocation="vn_schema-3.xsd">
    <MEMBERS>
        <MEMBER name="cognise" wn="cognise%2:31:00" grouping=""/>
        <MEMBER name="cognize" wn="cognize%2:31:00" grouping=""/>
    </MEMBERS>
    <THEMROLES>
        <THEMROLE type="Experiencer">
            <SELRESTRS>
                <SELRESTR Value="+" type="animate"/>
            </SELRESTRS>
        </THEMROLE>
        <THEMROLE type="Stimulus">
            <SELRESTRS>
            </SELRESTRS>
        </THEMROLE>
    </THEMROLES>
    <FRAMES>
        <FRAME>
            <DESCRIPTION descriptionNumber="0.1" primary="NP V NP" secondary="NP" xtag="0.2"/>
            <EXAMPLES>
                <EXAMPLE>We consciously cognize our environment.</EXAMPLE>
            </EXAMPLES>
            <SYNTAX>
                <NP value="Experiencer">
                    <SYNRESTRS>
                    </SYNRESTRS>
                </NP>
                <VERB/>
                <NP value="Stimulus">
                    <SYNRESTRS>
                        <SYNRESTR Value="-" type="sentential"/>
                    </SYNRESTRS>
                </NP>
            </SYNTAX>
            <SEMANTICS>
                <PRED value="understand">
                    <ARGS>
                        <ARG type="Event" value="E"/>
                        <ARG type="ThemRole" value="Experiencer"/>
                        <ARG type="ThemRole" value="Stimulus"/>
                    </ARGS>
                </PRED>
            </SEMANTICS>
        </FRAME>
        <FRAME>
            <DESCRIPTION descriptionNumber="0.2" primary="NP V PP.stimulus" secondary="PP; Stimulus-PP" xtag="0.2"/>
            <EXAMPLES>
                <EXAMPLE>I cognize of the soul.</EXAMPLE>
            </EXAMPLES>
            <SYNTAX>
                <NP value="Experiencer">
                    <SYNRESTRS/>
                </NP>
                <VERB/>
                <PREP value="of">
                    <SELRESTRS/>
                </PREP>
                <NP value="Stimulus">
                    <SYNRESTRS/>
                </NP>
            </SYNTAX>
            <SEMANTICS>
                <PRED value="understand">
                    <ARGS>
                        <ARG type="Event" value="E"/>
                        <ARG type="ThemRole" value="Experiencer"/>
                        <ARG type="ThemRole" value="Stimulus"/>
                    </ARGS>
                </PRED>
            </SEMANTICS>
        </FRAME>
        <FRAME>
            <DESCRIPTION descriptionNumber="8.1" primary="NP V PP.stimulus how/whether S" secondary="PP; Stimulus-PP; WH-S" xtag="0.2"/>
            <EXAMPLES>
              <EXAMPLE>She cognized about whether she should memorize it.</EXAMPLE>
            </EXAMPLES>
            <SYNTAX>
                <NP value="Experiencer">
                    <SYNRESTRS/>
                </NP>
                <VERB/>
                <PREP value="about">
                    <SELRESTRS/>
                </PREP>
                <NP value="Stimulus">
                    <SYNRESTRS>
                        <SYNRESTR Value="+" type="wh_comp"/>
                    </SYNRESTRS>
                </NP>
            </SYNTAX> 
            <SEMANTICS>
                <PRED value="understand">
                    <ARGS>
                        <ARG type="Event" value="E"/>
                        <ARG type="ThemRole" value="Experiencer"/>
                        <ARG type="ThemRole" value="Stimulus"/>
                    </ARGS>
                </PRED> 
            </SEMANTICS>
        </FRAME>
        <FRAME>
            <DESCRIPTION descriptionNumber="8.1" primary="NP V that S" secondary="S" xtag="0.2"/>
            <EXAMPLES>
                <EXAMPLE>You cognized that the fiscal onus is on her.</EXAMPLE>
            </EXAMPLES>
            <SYNTAX>
                <NP value="Experiencer">
                    <SYNRESTRS/>
                </NP>
                <VERB/>
                <NP value="Stimulus">
                    <SYNRESTRS>
                        <SYNRESTR Value="+" type="that_comp"/>
                    </SYNRESTRS>
                </NP>
            </SYNTAX>
            <SEMANTICS>
                <PRED value="understand">
                    <ARGS>
                        <ARG type="Event" value="E"/>
                        <ARG type="ThemRole" value="Experiencer"/>
                        <ARG type="ThemRole" value="Stimulus"/>
                    </ARGS>
                </PRED>
            </SEMANTICS>
        </FRAME>
    </FRAMES>
    <SUBCLASSES/>
</VNCLASS>