<!DOCTYPE VNCLASS SYSTEM "vn_class-3.dtd">
<VNCLASS xmlns:xsi="http://www.w3.org/2001/XMLSchema-instance" ID="coil-9.6" xsi:noNamespaceSchemaLocation="vn_schema-3.xsd">
    <MEMBERS>
        <MEMBER name="loop" wn="loop%2:36:00 loop%2:35:00" grouping="loop.02"/>
        <MEMBER name="roll" wn="roll%2:35:00" grouping="roll.02"/>
        <MEMBER name="rotate" wn="rotate%2:38:01" grouping="rotate.01"/>
        <MEMBER name="spin" wn="spin%2:38:02" grouping="spin.01"/>
        <MEMBER name="swirl" wn="swirl%2:38:01" grouping=""/>
        <MEMBER name="twine" wn="twine%2:35:03" grouping=""/>
        <MEMBER name="whirl" wn="whirl%2:38:02" grouping=""/>
        <MEMBER name="wind" wn="wind%2:35:06" grouping="wind.02"/>
    </MEMBERS>
    <THEMROLES>
        <THEMROLE type="Agent">
            <SELRESTRS>
                <SELRESTR Value="+" type="int_control"/>
            </SELRESTRS>
        </THEMROLE>
        <THEMROLE type="Theme">
            <SELRESTRS>
                <SELRESTR Value="+" type="nonrigid"/>
                <SELRESTR Value="+" type="elongated"/>
            </SELRESTRS>
        </THEMROLE>
        <THEMROLE type="Initial_Location">
            <SELRESTRS>
                <SELRESTR Value="+" type="location"/>
            </SELRESTRS>
        </THEMROLE>
        <THEMROLE type="Destination">
            <SELRESTRS>
                <SELRESTR Value="+" type="location"/>
            </SELRESTRS> 
        </THEMROLE>
    </THEMROLES>
    <FRAMES>
        <FRAME>
            <DESCRIPTION descriptionNumber="0.2" primary="NP V NP PP.location" secondary="NP-PP; path-PP" xtag=""/>
            <EXAMPLES>
                <EXAMPLE>Cora coiled the rope around the post.</EXAMPLE>
            </EXAMPLES>
            <SYNTAX>
                <NP value="Agent">
                    <SYNRESTRS/>
                </NP>
                <VERB/>
                <NP value="Theme">
                    <SYNRESTRS/>
                </NP>
                <PREP>
                    <SELRESTRS>
                        <SELRESTR Value="+" type="path"/>
                    </SELRESTRS>
                </PREP>
                <NP value="Destination">
                    <SYNRESTRS/>
                </NP>
            </SYNTAX>
            <SEMANTICS>
                <PRED value="rotational_motion">
                    <ARGS>
                        <ARG type="Event" value="during(E)"/>
                        <ARG type="ThemRole" value="Theme"/>
                    </ARGS>
                </PRED>
                <PRED value="path_rel">
                    <ARGS>
                        <ARG type="Event" value="start(E)"/>
                        <ARG type="ThemRole" value="Theme"/>
                        <ARG type="ThemRole" value="?Initial_Location"/>
                        <ARG type="Constant" value="ch_of_loc"/>
                        <ARG type="VerbSpecific" value="prep"/> 
                    </ARGS>
                </PRED>
                <PRED value="path_rel">
                    <ARGS>
                        <ARG type="Event" value="E"/>
                        <ARG type="ThemRole" value="Theme"/>
                        <ARG type="ThemRole" value="Destination"/>
                        <ARG type="Constant" value="ch_of_loc"/>
                        <ARG type="VerbSpecific" value="prep"/>  
                    </ARGS>
                </PRED>
                <PRED value="cause">
                    <ARGS>
                        <ARG type="ThemRole" value="Agent"/>
                        <ARG type="Event" value="E"/>
                    </ARGS>
                </PRED>
            </SEMANTICS>
        </FRAME>
        <FRAME>
            <DESCRIPTION descriptionNumber="0.1" primary="NP V PP.location" secondary="PP; path-PP" xtag=""/>
            <!--strongly prefers prep "around"-->
            <EXAMPLES>
                <EXAMPLE>The rope coiled around the post.</EXAMPLE>
            </EXAMPLES>
            <SYNTAX>
                <NP value="Theme">
                    <SYNRESTRS/>
                </NP>
                <VERB/>
                <PREP>
                    <SELRESTRS>
                        <SELRESTR Value="+" type="path"/>
                    </SELRESTRS>
                </PREP>
                <NP value="Destination">
                    <SYNRESTRS/>
                </NP>
            </SYNTAX>
            <SEMANTICS>
                <PRED value="rotational_motion">
                    <ARGS>
                        <ARG type="Event" value="during(E)"/>
                        <ARG type="ThemRole" value="Theme"/>
                    </ARGS>
                </PRED>
                <PRED value="path_rel">
                    <ARGS>
                        <ARG type="Event" value="start(E)"/>
                        <ARG type="ThemRole" value="Theme"/>
                        <ARG type="ThemRole" value="?Initial_Location"/>
                        <ARG type="Constant" value="ch_of_loc"/>
                        <ARG type="VerbSpecific" value="prep"/>
                    </ARGS>
                </PRED>
                <PRED value="path_rel">
                    <ARGS>
                        <ARG type="Event" value="E"/>
                        <ARG type="ThemRole" value="Theme"/>
                        <ARG type="ThemRole" value="Destination"/>
                        <ARG type="Constant" value="ch_of_loc"/>
                        <ARG type="VerbSpecific" value="prep"/>                     
                    </ARGS>
                </PRED>
            </SEMANTICS>
        </FRAME>
        <FRAME>
            <DESCRIPTION descriptionNumber="1.1.1" primary="NP V ADV-Middle PP.location" secondary="Middle Construction" xtag=""/>
            <EXAMPLES>
                <EXAMPLE>That type of rope coiled easily around the post.</EXAMPLE>
            </EXAMPLES>
            <SYNTAX>
                <NP value="Theme">
                    <SYNRESTRS/>
                </NP>
                <VERB/>
                <ADV/>
                <PREP>
                    <SELRESTRS>
                        <SELRESTR Value="+" type="path"/>
                    </SELRESTRS>
                </PREP>
                <NP value="Destination">
                    <SYNRESTRS/>
                </NP>
            </SYNTAX>
            <SEMANTICS>
                <PRED value="rotational_motion">
                    <ARGS>
                        <ARG type="Event" value="during(E)"/>
                        <ARG type="ThemRole" value="Theme"/>
                    </ARGS>
                </PRED>
                <PRED value="path_rel">
                    <ARGS>
                        <ARG type="Event" value="start(E)"/>
                        <ARG type="ThemRole" value="Theme"/>
                        <ARG type="ThemRole" value="?Initial_Location"/>
                        <ARG type="Constant" value="ch_of_loc"/>
                        <ARG type="VerbSpecific" value="prep"/>
                    </ARGS>
                </PRED>
                <PRED value="path_rel">
                    <ARGS>
                        <ARG type="Event" value="E"/>
                        <ARG type="ThemRole" value="Theme"/>
                        <ARG type="ThemRole" value="Destination"/>
                        <ARG type="Constant" value="ch_of_loc"/>
                        <ARG type="VerbSpecific" value="prep"/> 
                   </ARGS>
                </PRED>
            </SEMANTICS>
        </FRAME>
    </FRAMES>
    <SUBCLASSES>
        <VNSUBCLASS ID="coil-9.6-1">
            <MEMBERS>
                <MEMBER name="curl" wn="curl%2:38:00 curl%2:35:01 curl%2:35:00" grouping="curl.01"/>
                <MEMBER name="coil" wn="coil%2:35:00" grouping=""/>
                <MEMBER name="hook" wn="" grouping="hook.01"/>
                <MEMBER name="swing" wn="swing%2:38:02 swing%2:38:03" grouping="swing.01"/>
                <MEMBER name="twirl" wn="twirl%2:38:01" grouping=""/>
                <MEMBER name="twist" wn="twist%2:30:00" grouping="twist.02"/>
            </MEMBERS>
            <THEMROLES/>
            <FRAMES>
                <FRAME>
                    <DESCRIPTION descriptionNumber="" primary="NP V ADV-Middle" secondary="Middle Construction" xtag=""/>
                    <EXAMPLES>
                        <EXAMPLE>The rope curled upward.</EXAMPLE>
                    </EXAMPLES>
                    <SYNTAX>
                        <NP value="Theme">
                            <SYNRESTRS/>
                        </NP>
                        <VERB/>
                        <ADV/>
                    </SYNTAX>
                    <SEMANTICS>
                        <PRED value="rotational_motion">
                            <ARGS>
                                <ARG type="Event" value="during(E)"/>
                                <ARG type="ThemRole" value="Theme"/>
                            </ARGS>
                        </PRED>
                        <PRED value="Adv">
                            <ARGS>
                                <ARG type="VerbSpecific" value="Prop"/>
                            </ARGS>
                        </PRED>
                        <PRED value="property">
                            <ARGS>
                                <ARG type="ThemRole" value="Theme"/>
                                <ARG type="VerbSpecific" value="Prop"/>
                            </ARGS>
                        </PRED>
                    </SEMANTICS>
                    <!--Unlike the other usages, the intransitive uses are stative  in nature, describing orientation of the Theme.-->
                </FRAME>
            </FRAMES>
            <SUBCLASSES/>
        </VNSUBCLASS>
    </SUBCLASSES>
</VNCLASS>