<!DOCTYPE VNCLASS SYSTEM "vn_class-3.dtd">
<VNCLASS xmlns:xsi="http://www.w3.org/2001/XMLSchema-instance" ID="complete-55.2" xsi:noNamespaceSchemaLocation="vn_schema-3.xsd">
    <MEMBERS>
        <MEMBER name="accomplish" wn="accomplish%2:36:00 accomplish%2:41:00" grouping="accomplish.01"/>
        <MEMBER name="achieve" wn="achieve%2:41:00" grouping="achieve.01"/>
        <MEMBER name="bring-off" wn="" grouping="bring.08"/>
        <MEMBER name="pull-off" wn="" grouping="pull.04"/>
    </MEMBERS>
    <THEMROLES>
        <THEMROLE type="Agent">
            <SELRESTRS logic="or">
                <SELRESTR Value="+" type="animate"/>
                <SELRESTR Value="+" type="organization"/>
            </SELRESTRS>
        </THEMROLE>
        <THEMROLE type="Theme">
            <SELRESTRS/>
        </THEMROLE>
    </THEMROLES>
    <FRAMES>
        <FRAME>
            <DESCRIPTION descriptionNumber="0.2" primary="NP V NP" secondary="Basic Transitive" xtag=""/>
            <EXAMPLES>
                <EXAMPLE>Wilma completed the assignment.</EXAMPLE>
            </EXAMPLES>
            <SYNTAX>
                <NP value="Agent">
                    <SYNRESTRS/>
                </NP>
                <VERB/>
                <NP value="Theme">
                    <SYNRESTRS/>
                </NP>
            </SYNTAX>
            <SEMANTICS>
                <PRED value="end">
                    <ARGS>
                        <ARG type="Event" value="E"/>
                        <ARG type="ThemRole" value="Theme"/>
                    </ARGS>
                </PRED>
                <PRED value="cause">
                    <ARGS>
                        <ARG type="ThemRole" value="Agent"/>
                        <ARG type="Event" value="E"/>
                    </ARGS>
                </PRED>
            </SEMANTICS>
        </FRAME>
    </FRAMES>
    <SUBCLASSES>
	<VNSUBCLASS ID="complete-55.2-1">
	    <MEMBERS>
	        <MEMBER name="complete" wn="complete%2:30:02 complete%2:30:00 complete%2:41:00" grouping="complete.01 complete.02 complete.03"/>
	        <MEMBER name="discontinue" wn="discontinue%2:42:00" grouping="discontinue.01"/>
	        <MEMBER name="quit" wn="quit%2:42:04" grouping="quit.01"/>
	    </MEMBERS>
	    <THEMROLES/>
	    <FRAMES>
		<FRAME>
		    <DESCRIPTION descriptionNumber="8.1" primary="NP V S_ING" secondary="ING-SC/BE-ING-SC" xtag="0.2"/>
		    <EXAMPLES>
		        <EXAMPLE>She quit smoking.</EXAMPLE>
		    </EXAMPLES>
		    <SYNTAX>
		        <NP value="Agent">
		            <SYNRESTRS/>
		        </NP>
		        <VERB/>
		        <NP value="Theme">
		            <SYNRESTRS>
		                <SYNRESTR Value="+" type="be_sc_ing"/>
		            </SYNRESTRS>
		        </NP>
		    </SYNTAX>
		    <SEMANTICS>
		        <PRED value="end">
		            <ARGS>
		                <ARG type="Event" value="E"/>
		                <ARG type="ThemRole" value="Theme"/>
		            </ARGS>
		        </PRED>
		        <PRED value="cause">
		            <ARGS>
		                <ARG type="ThemRole" value="Agent"/>
		                <ARG type="Event" value="E"/>
		            </ARGS>
		        </PRED>
		    </SEMANTICS>
		</FRAME>
	    </FRAMES>
	    <SUBCLASSES/>
	</VNSUBCLASS>
    </SUBCLASSES>
</VNCLASS>