<!DOCTYPE VNCLASS SYSTEM "vn_class-3.dtd">
<VNCLASS xmlns:xsi="http://www.w3.org/2001/XMLSchema-instance" ID="compel-59.1" xsi:noNamespaceSchemaLocation="vn_schema-3.xsd">
    <MEMBERS>
		<MEMBER name="arm-twist" wn="" grouping=""/>
		<MEMBER name="bait" wn="bait%2:41:00" grouping=""/>
		<MEMBER name="bribe" wn="bribe%2:40:00" grouping="bribe.01"/>		
        <MEMBER name="compel" wn="compel%2:41:00" grouping="compel.01"/>
        <MEMBER name="convince" wn="convince%2:32:00" grouping="convince.01"/>
        <MEMBER name="commandeer" wn="commandeer%2:35:00" grouping=""/>
        <MEMBER name="dragoon" wn="dragoon%2:41:00" grouping=""/>
		<MEMBER name="drive" wn="" grouping=""/>
        <MEMBER name="goad" wn="goad%2:37:00 goad%2:35:00 goad%2:35:01 goad%2:32:01" grouping="goad.01"/>
        <MEMBER name="hound" wn="hound%2:38:00" grouping=""/>
        <MEMBER name="impel" wn="impel%2:36:00" grouping=""/>
        <MEMBER name="induce" wn="induce%2:32:00" grouping="induce.02"/>
		<MEMBER name="influence" wn="" grouping=""/>
        <MEMBER name="lead" wn="lead%2:32:00" grouping="lead.01"/>
        <MEMBER name="motivate" wn="motivate%2:36:00" grouping="motivate.01"/>
        <MEMBER name="obligate" wn="obligate%2:41:00" grouping="obligate.01"/>
        <MEMBER name="oblige" wn="oblige%2:41:00" grouping="oblige.02"/>
        <MEMBER name="palaver" wn="palaver%2:32:01" grouping="palaver.02"/>
        <MEMBER name="persuade" wn="persuade%2:32:00" grouping="persuade.01"/>
        <MEMBER name="railroad" wn="railroad%2:41:00" grouping=""/>
        <MEMBER name="rush" wn="rush%2:30:01" grouping="rush.02"/>
        <MEMBER name="sandbag" wn="sandbag%2:41:02" grouping=""/>
        <MEMBER name="steamroller" wn="steamroller%2:41:01 steamroller%2:33:00" grouping=""/>
        <MEMBER name="suborn" wn="suborn%2:41:00 suborn%2:32:00" grouping="suborn.01"/>
        <MEMBER name="sway" wn="sway%2:41:00" grouping="sway.01"/>
		<MEMBER name="wheedle" wn="wheedle%2:32:00" grouping=""/>
    </MEMBERS>
    <THEMROLES>
        <THEMROLE type="Agent">
            <SELRESTRS logic="or">
                <SELRESTR Value="+" type="animate"/>
                <SELRESTR Value="+" type="organization"/>
            </SELRESTRS>
        </THEMROLE>
        <THEMROLE type="Patient">
            <SELRESTRS logic="or">
                <SELRESTR Value="+" type="animate"/>
                <SELRESTR Value="+" type="organization"/>
            </SELRESTRS>
        </THEMROLE>
        <THEMROLE type="Predicate">
            <SELRESTRS/>
        </THEMROLE>
    </THEMROLES>
    <FRAMES>
        <FRAME>
            <DESCRIPTION descriptionNumber="0.2" primary="NP V NP" secondary="Basic Transitive" xtag="0.2"/>
            <EXAMPLES>
                <EXAMPLE>I forced him.</EXAMPLE>
            </EXAMPLES>
            <SYNTAX>
                <NP value="Agent">
                    <SYNRESTRS/>
                </NP>
                <VERB/>
                <NP value="Patient">
                    <SYNRESTRS/>
                </NP>
            </SYNTAX>
            <SEMANTICS>
                <PRED value="cause">
                    <ARGS>
                        <ARG type="ThemRole" value="Agent"/>
                        <ARG type="Event" value="E"/>
                    </ARGS>
                </PRED>
                <PRED value="act">
                    <ARGS>
                        <ARG type="Event" value="during(E)"/>
                        <ARG type="ThemRole" value="Patient"/>
                        <ARG type="ThemRole" value="?Predicate"/>
                    </ARGS>
                </PRED>
                <PRED value="exert_force">
                    <ARGS>
                        <ARG type="Event" value="during(E)"/>
                        <ARG type="ThemRole" value="Agent"/>
                        <ARG type="ThemRole" value="Patient"/>
                    </ARGS>
                </PRED>
            </SEMANTICS>
        </FRAME>
        <FRAME>
            <DESCRIPTION descriptionNumber="0.2" primary="NP V NP S_ING" secondary="NP-P-ING-OC; into-PP" xtag="0.2"/>
            <EXAMPLES>
                <EXAMPLE>I forced him into coming.</EXAMPLE>
            </EXAMPLES>
            <SYNTAX>
                <NP value="Agent">
                    <SYNRESTRS/>
                </NP>
                <VERB/>
                <NP value="Patient">
                    <SYNRESTRS/>
                </NP>
                <PREP value="into">
                    <SELRESTRS/>
                </PREP>
                <NP value="Predicate">
                    <SYNRESTRS>
                        <SYNRESTR Value="+" type="oc_ing"/>
                    </SYNRESTRS>
                </NP>
            </SYNTAX>
            <SEMANTICS>
                <PRED value="cause">
                    <ARGS>
                        <ARG type="ThemRole" value="Agent"/>
                        <ARG type="Event" value="E"/>
                    </ARGS>
                </PRED>
                <PRED value="act">
                    <ARGS>
                        <ARG type="Event" value="during(E)"/>
                        <ARG type="ThemRole" value="Patient"/>
                        <ARG type="ThemRole" value="Predicate"/>
                    </ARGS>
                </PRED>
                <PRED value="exert_force">
                    <ARGS>
                        <ARG type="Event" value="during(E)"/>
                        <ARG type="ThemRole" value="Agent"/>
                        <ARG type="ThemRole" value="Patient"/>
                    </ARGS>
                </PRED>
            </SEMANTICS>
        </FRAME>
        <FRAME>
            <DESCRIPTION descriptionNumber="0.2" primary="NP V NP PP.result" secondary="NP-PP; into-PP" xtag="0.1"/>
            <EXAMPLES>
                <EXAMPLE>I forced John into the chairmanship.</EXAMPLE>
            </EXAMPLES>
            <SYNTAX>
                <NP value="Agent">
                    <SYNRESTRS/>
                </NP>
                <VERB/>
                <NP value="Patient">
                    <SYNRESTRS/>
                </NP>
                <PREP value="into">
                    <SELRESTRS/>
                </PREP>
                <NP value="Predicate">
                    <SYNRESTRS>
                        <SYNRESTR Value="-" type="sentential"/>
                    </SYNRESTRS>
                </NP>
            </SYNTAX>
            <SEMANTICS>
                <PRED value="cause">
                    <ARGS>
                        <ARG type="ThemRole" value="Agent"/>
                        <ARG type="Event" value="E"/>
                    </ARGS>
                </PRED>
                <PRED value="act">
                    <ARGS>
                        <ARG type="Event" value="during(E)"/>
                        <ARG type="ThemRole" value="Patient"/>
                        <ARG type="ThemRole" value="Predicate"/>
                    </ARGS>
                </PRED>
                <PRED value="exert_force">
                    <ARGS>
                        <ARG type="Event" value="during(E)"/>
                        <ARG type="ThemRole" value="Agent"/>
                        <ARG type="ThemRole" value="Patient"/>
                    </ARGS>
                </PRED>
            </SEMANTICS>
        </FRAME>
		<FRAME>
			<DESCRIPTION descriptionNumber="8.1" primary="NP V NP S_INF" secondary="NP-TO-INF-OC" xtag="0.1"/>
			<EXAMPLES>
				<EXAMPLE>I forced him to come.</EXAMPLE>
			</EXAMPLES>
			<SYNTAX>
				<NP value="Agent">
					<SYNRESTRS/>
				</NP>
				<VERB/>
				<NP value="Patient">
					<SYNRESTRS/>
				</NP>
				<NP value="Predicate">
					<SYNRESTRS>
						<SYNRESTR Value="+" type="oc_to_inf"/>
					</SYNRESTRS>
				</NP>
			</SYNTAX>
			<SEMANTICS>
                <PRED value="cause">
                    <ARGS>
                        <ARG type="ThemRole" value="Agent"/>
                        <ARG type="Event" value="E"/>
                    </ARGS>
                </PRED>
                <PRED value="act">
                    <ARGS>
                        <ARG type="Event" value="during(E)"/>
                        <ARG type="ThemRole" value="Patient"/>
                        <ARG type="ThemRole" value="Predicate"/>
                    </ARGS>
                </PRED>
                <PRED value="exert_force">
                    <ARGS>
                        <ARG type="Event" value="during(E)"/>
                        <ARG type="ThemRole" value="Agent"/>
                        <ARG type="ThemRole" value="Patient"/>
                    </ARGS>
                </PRED>
			</SEMANTICS>
		</FRAME>
	</FRAMES>
    <SUBCLASSES/>
</VNCLASS>