<!DOCTYPE VNCLASS SYSTEM "vn_class-3.dtd">
<VNCLASS xmlns:xsi="http://www.w3.org/2001/XMLSchema-instance" ID="conduct-111.1" xsi:noNamespaceSchemaLocation="vn_schema-3.xsd">
    <MEMBERS>
	<MEMBER name="conduct" wn="conduct%2:41:00" grouping="conduct.02"/>
	<MEMBER name="give" wn="give%2:36:02 give%2:36:12" grouping="give.07"/>
	<MEMBER name="head" wn="head%2:41:00 head%2:38:02" grouping="head.02"/>
	<MEMBER name="hold" wn="hold%2:36:00" grouping="hold.09"/>
	<MEMBER name="host" wn="host%2:34:00" grouping="host.01"/>
	<MEMBER name="run" wn="run%2:41:02 run%2:30:07 run%2:36:00" grouping="run.03"/>
	<MEMBER name="spearhead" wn="spearhead%2:41:00" grouping=""/>
	<MEMBER name="throw" wn="throw%2:36:08" grouping="throw.07"/>
    </MEMBERS>
    <THEMROLES>
	<THEMROLE type="Agent">
	    <SELRESTRS/>
	</THEMROLE>
	<THEMROLE type="Theme">
	    <SELRESTRS>
		<SELRESTR Value="+" type="eventive"/>
	    </SELRESTRS>
	</THEMROLE>
	<THEMROLE type="Beneficiary">
	    <SELRESTRS/>
	</THEMROLE>
    </THEMROLES>
    <FRAMES>
	<FRAME>
	    <DESCRIPTION descriptionNumber="" primary="NP V NP" secondary="Basic Transitive" xtag=""/>
	    <EXAMPLES>
		<EXAMPLE>The White House held a gala.</EXAMPLE>
	    </EXAMPLES>
	    <SYNTAX>
		<NP value="Agent">
		   <SYNRESTRS/>
		</NP>
		<VERB/>
		<NP value="Theme">
		    <SYNRESTRS/>
		</NP>
	    </SYNTAX>
	    <SEMANTICS>
		<PRED value="occur">
		    <ARGS>
			<ARG type="Event" value="End(E)"/>
			<ARG type="ThemRole" value="Theme"/>
		    </ARGS>
		</PRED>
		<PRED value="cause">
		    <ARGS>
			<ARG type="ThemRole" value="Agent"/>
			<ARG type="Event" value="E"/>
		    </ARGS>
		</PRED>
	    </SEMANTICS>
	</FRAME>
	<FRAME>
	    <DESCRIPTION descriptionNumber="" primary="NP V NP PP" secondary="NP-PP" xtag=""/>
	    <EXAMPLES>
		<EXAMPLE>The White House held a state dinner for the Chinese president.</EXAMPLE>
	    </EXAMPLES>
	    <SYNTAX>
		<NP value="Agent">
		   <SYNRESTRS/>
		</NP>
		<VERB/>
		<NP value="Theme">
		    <SYNRESTRS/>
		</NP>
		<NP value="Beneficiary">
		    <SYNRESTRS/>
		</NP>
	    </SYNTAX>
	    <SEMANTICS>
		<PRED value="occur">
		    <ARGS>
			<ARG type="Event" value="End(E)"/>
			<ARG type="ThemRole" value="Theme"/>
		    </ARGS>
		</PRED>
		<PRED value="cause">
		    <ARGS>
			<ARG type="ThemRole" value="Agent"/>
			<ARG type="Event" value="E"/>
		    </ARGS>
		</PRED>
		<PRED value="benefit">
		    <ARGS>
			<ARG type="Event" value="E"/>
			<ARG type="ThemRole" value="Beneficiary"/>
		    </ARGS>
		</PRED>
	    </SEMANTICS>
	</FRAME>
    </FRAMES>
    <SUBCLASSES/>
</VNCLASS>
