<!DOCTYPE VNCLASS SYSTEM "vn_class-3.dtd">
<VNCLASS xmlns:xsi="http://www.w3.org/2001/XMLSchema-instance" ID="contiguous_location-47.8" xsi:noNamespaceSchemaLocation="vn_schema-3.xsd">
    <MEMBERS>
        <!--Removed "miss" from the class-->
        <!--Verbs may add more specific description of the spatial relationship between Theme and Co-Theme-->
        <MEMBER name="bestride" wn="" grouping=""/>
        <MEMBER name="blanket" wn="blanket%2:35:00 blanket%2:42:00" grouping=""/>
        <MEMBER name="border" wn="border%2:35:01 border%2:42:00 border%2:35:00" grouping="border.01"/>
        <MEMBER name="bound" wn="bound%2:42:00" grouping="bound.02"/>
        <MEMBER name="bracket" wn="" grouping=""/>
        <MEMBER name="bridge" wn="bridge%2:42:00" grouping="bridge.01"/>
        <MEMBER name="cap" wn="cap%2:42:00" grouping="cap.01"/>
        <MEMBER name="circle" wn="" grouping="circle.02"/>
        <MEMBER name="cloak" wn="" grouping="cloak.02"/>
        <MEMBER name="cover" wn="cover%2:35:01" grouping="cover.01"/>
        <MEMBER name="edge" wn="edge%2:35:00" grouping="edge.03"/>
        <MEMBER name="encircle" wn="encircle%2:35:12" grouping=""/>
        <MEMBER name="enclose" wn="enclose%2:35:01 enclose%2:35:00" grouping="enclose.01"/>
        <MEMBER name="encompass" wn="" grouping=""/>
        <MEMBER name="engulf" wn="" grouping=""/>
        <MEMBER name="envelop" wn="" grouping=""/>
        <MEMBER name="fence" wn="?fence%2:35:00" grouping="fence.01"/>
        <MEMBER name="fill" wn="fill%2:42:00" grouping="fill.01"/>
        <MEMBER name="flank" wn="flank%2:42:00" grouping=""/>
        <MEMBER name="follow" wn="" grouping="follow.01"/>
        <MEMBER name="forgo" wn="forgo%2:42:00" grouping="forgo.02 forgo.03"/>
        <MEMBER name="frame" wn="frame%2:35:00 frame%2:42:00" grouping="frame.01"/>
        <MEMBER name="head" wn="head%2:42:00" grouping="head.02"/>
        <MEMBER name="hug" wn="hug%2:35:00" grouping="hug.02"/>
        <MEMBER name="line" wn="line%2:42:00" grouping="line.01"/>
        <MEMBER name="neighbor" wn="" grouping=""/>
        <MEMBER name="overcast" wn="" grouping=""/>
        <MEMBER name="overhang" wn="overhang%2:42:01 overhang%2:42:00" grouping=""/>
        <MEMBER name="precede" wn="precede%2:42:01 precede%2:38:00" grouping="precede.01"/>
        <MEMBER name="predate" wn="predate%2:42:00 predate%2:42:01" grouping="predate.01"/>
        <MEMBER name="rim" wn="rim%2:42:00" grouping="rim.01"/>
        <MEMBER name="ring" wn="ring%2:35:03" grouping="ring.02"/>
        <MEMBER name="skirt" wn="skirt%2:35:00" grouping="skirt.02"/>
        <MEMBER name="span" wn="span%2:42:00" grouping=""/>
        <MEMBER name="straddle" wn="straddle%2:42:01 straddle%2:42:02" grouping="straddle.01 straddle.02"/>
        <MEMBER name="support" wn="support%2:35:00" grouping="support.01"/>
        <MEMBER name="surmount" wn="surmount%2:42:00" grouping=""/>
        <MEMBER name="surround" wn="surround%2:35:00" grouping="surround.01"/>
        <MEMBER name="top" wn="top%2:40:00" grouping="top.03"/>
        <MEMBER name="traverse" wn="" grouping="traverse.01"/>
        <MEMBER name="underlie" wn="underlie%2:42:00 underlie%2:42:01 underlay%2:35:00 underlay%2:34:00" grouping="underlie.01"/>
        <MEMBER name="wreathe" wn="" grouping=""/>
        <MEMBER name="enshroud" wn="enshroud%2:35:00" grouping=""/>
        <MEMBER name="veil" wn="veil%2:35:00" grouping=""/>
    </MEMBERS>
    <THEMROLES>
        <THEMROLE type="Theme">
            <SELRESTRS>
                <SELRESTR Value="+" type="concrete"/>
            </SELRESTRS>
        </THEMROLE>
        <THEMROLE type="Co-Theme">
            <SELRESTRS>
                <SELRESTR Value="+" type="concrete"/>
            </SELRESTRS>
        </THEMROLE>
    </THEMROLES>
    <FRAMES>
        <FRAME>
            <DESCRIPTION descriptionNumber="0.2" primary="NP V NP" secondary="Basic Transitive" xtag="0.2"/>
            <EXAMPLES>
                <EXAMPLE>Italy borders France.</EXAMPLE>
            </EXAMPLES>
            <SYNTAX>
                <NP value="Theme">
                    <SYNRESTRS/>
                </NP>
                <VERB/>
                <NP value="Co-Theme">
                    <SYNRESTRS/>
                </NP>
            </SYNTAX>
            <SEMANTICS>
                <PRED value="contact">
                    <ARGS>
                        <ARG type="Event" value="during(E)"/>
                        <ARG type="ThemRole" value="Theme"/>
                        <ARG type="ThemRole" value="Co-Theme"/>
                    </ARGS>
                </PRED>
            </SEMANTICS>
        </FRAME>
    </FRAMES>
    <SUBCLASSES>
        <VNSUBCLASS ID="contiguous_location-47.8-1">
            <MEMBERS>
                <MEMBER name="abut" wn="abut%2:35:00" grouping=""/>
                <MEMBER name="adjoin" wn="adjoin%2:35:02 adjoin%2:35:03" grouping="adjoin.01"/>
                <MEMBER name="cross" wn="cross%2:38:03" grouping="cross.02"/>
                <MEMBER name="hit" wn="" grouping=""/>
                <MEMBER name="intersect" wn="intersect%2:38:00" grouping=""/>
                <MEMBER name="meet" wn="meet%2:42:02 meet%2:35:00" grouping="meet.03"/>
                <MEMBER name="touch" wn="touch%2:35:01" grouping="touch.02"/>
            </MEMBERS>
            <THEMROLES/>
            <FRAMES>
                <FRAME>
                    <DESCRIPTION descriptionNumber="1.2.4" primary="NP V" secondary="Understood Reciprocal Object" xtag=""/>
                    <EXAMPLES>
                        <EXAMPLE>Italy and France touch.</EXAMPLE>
                    </EXAMPLES>
                    <SYNTAX>
                        <NP value="Theme">
                            <SYNRESTRS/>
                        </NP>
                        <LEX value="and"/>
                        <NP value="Co-Theme">
                            <SYNRESTRS/>
                        </NP>
                        <VERB/>
                    </SYNTAX>
                    <SEMANTICS>
                        <PRED value="contact">
                            <ARGS>
                                <ARG type="Event" value="during(E)"/>
                                <ARG type="ThemRole" value="Theme"/>
                                <ARG type="ThemRole" value="Co-Theme"/>
                            </ARGS>
                        </PRED>
                    </SEMANTICS>
                </FRAME>
            </FRAMES>
            <SUBCLASSES/>
        </VNSUBCLASS>
        <VNSUBCLASS ID="contiguous_location-47.8-2">
            <MEMBERS>
                <MEMBER name="dominate" wn="?dominate%2:42:02" grouping=""/>
            </MEMBERS>
            <THEMROLES/>
            <FRAMES>
                <FRAME>
                    <DESCRIPTION descriptionNumber="" primary="NP V" secondary="Unspecified Object" xtag=""/>
                    <EXAMPLES>
                        <EXAMPLE>DEC has often dominated.</EXAMPLE>
                    </EXAMPLES>
                    <SYNTAX>
                        <NP value="Theme">
                            <SYNRESTRS/>
                        </NP>
                        <VERB/>
                    </SYNTAX>
                    <SEMANTICS>
                        <PRED value="contact">
                            <ARGS>
                                <ARG type="Event" value="during(E)"/>
                                <ARG type="ThemRole" value="Theme"/>
                                <ARG type="ThemRole" value="?Co-Theme"/>
                            </ARGS>
                        </PRED>
                    </SEMANTICS>
                </FRAME>
            </FRAMES>
            <SUBCLASSES/>
        </VNSUBCLASS>
    </SUBCLASSES>
</VNCLASS>