<!DOCTYPE VNCLASS SYSTEM "vn_class-3.dtd">
<VNCLASS xmlns:xsi="http://www.w3.org/2001/XMLSchema-instance" ID="contain-15.4" xsi:noNamespaceSchemaLocation="vn_schema-3.xsd">
    <MEMBERS>
        <MEMBER name="contain" wn="contain%2:42:00 contain%2:42:13 contain%2:42:14" grouping="contain.01"/>
        <MEMBER name="hold" wn="hold%2:42:13 hold%2:42:05 hold%2:42:14" grouping="hold.06"/>
    </MEMBERS>
    <THEMROLES>
        <THEMROLE type="Pivot">
            <SELRESTRS/>
        </THEMROLE>
        <THEMROLE type="Theme">
            <SELRESTRS/>
        </THEMROLE>
    </THEMROLES>
    <FRAMES>
        <FRAME>
            <DESCRIPTION descriptionNumber="0.2" primary="NP V NP" secondary="Basic Transitive" xtag=""/>
            <EXAMPLES>
                <EXAMPLE>The canteen contains fresh water.</EXAMPLE>
            </EXAMPLES>
            <SYNTAX>
                <NP value="Pivot">
                    <SYNRESTRS/>
                </NP>
                <VERB/>
                <NP value="Theme">
                    <SYNRESTRS/>
                </NP>
            </SYNTAX>
            <SEMANTICS>
                <PRED value="contain">
                    <ARGS>
                        <ARG type="Event" value="during(E)"/>
			<ARG type="ThemRole" value="Pivot"/>
			<ARG type="ThemRole" value="Theme"/>
                    </ARGS>
                </PRED>
            </SEMANTICS>
        </FRAME>
    </FRAMES>
    <SUBCLASSES/>
</VNCLASS>