<!DOCTYPE VNCLASS SYSTEM "vn_class-3.dtd">
<VNCLASS xmlns:xsi="http://www.w3.org/2001/XMLSchema-instance" ID="cost-54.2" xsi:noNamespaceSchemaLocation="vn_schema-3.xsd">
    <MEMBERS>
        <MEMBER name="carry" wn="?carry%2:42:13" grouping="carry.02"/>
        <MEMBER name="cost" wn="cost%2:42:00" grouping="cost.01"/>
        <MEMBER name="last" wn="last%2:42:00" grouping="last.01"/>
        <MEMBER name="net" wn="net%2:40:01" grouping="net.01"/>
        <MEMBER name="take" wn="take%2:40:06" grouping="take.03"/>
    </MEMBERS>
    <THEMROLES>
        <THEMROLE type="Theme">
            <SELRESTRS>
                <SELRESTR Value="+" type="concrete"/>
            </SELRESTRS>
        </THEMROLE>
        <THEMROLE type="Value">
            <SELRESTRS/>
        </THEMROLE>
        <THEMROLE type="Beneficiary">
            <SELRESTRS logic="or">
                <SELRESTR Value="+" type="animate"/>
                <SELRESTR Value="+" type="organization"/>
            </SELRESTRS>
        </THEMROLE>
    </THEMROLES>
    <FRAMES>
        <FRAME>
            <DESCRIPTION descriptionNumber="0.2" primary="NP V NP.value" secondary="Transitive; Attribute Object" xtag=""/>
            <EXAMPLES>
                <EXAMPLE>The book costs $10.</EXAMPLE>
            </EXAMPLES>
            <SYNTAX>
                <NP value="Theme">
                    <SYNRESTRS/>
                </NP>
                <VERB/>
                <NP value="Value">
                    <SYNRESTRS/>
                </NP>
            </SYNTAX>
            <SEMANTICS>
                <PRED value="value">
                    <ARGS>
                        <ARG type="Event" value="E"/>
                        <ARG type="ThemRole" value="Theme"/>
                        <ARG type="ThemRole" value="Value"/>
                    </ARGS>
                </PRED>
            </SEMANTICS>
        </FRAME>
        <FRAME>
            <DESCRIPTION descriptionNumber="" primary="NP V NP NP" secondary="NP-NP" xtag=""/>
            <EXAMPLES>
                <EXAMPLE>The bill will cost them 500 million dollars.</EXAMPLE>
            </EXAMPLES>
            <SYNTAX>
                <NP value="Theme">
                    <SYNRESTRS/>
                </NP>
                <VERB/>
                <NP value="Beneficiary">
                    <SYNRESTRS/>
                </NP>
                <NP value="Value">
                    <SYNRESTRS/>
                </NP>
            </SYNTAX>
            <SEMANTICS>
                <PRED value="value">
                    <ARGS>
                        <ARG type="Event" value="E"/>
                        <ARG type="ThemRole" value="Theme"/>
                        <ARG type="ThemRole" value="Value"/>
                    </ARGS>
                </PRED>
                <PRED value="benefit">
                    <ARGS>
                        <ARG type="Event" value="E"/>
                        <ARG type="ThemRole" value="Beneficiary"/>
                    </ARGS>
                </PRED>
            </SEMANTICS>
        </FRAME>
    </FRAMES>
    <SUBCLASSES/>
</VNCLASS>