<!DOCTYPE VNCLASS SYSTEM "vn_class-3.dtd">
<VNCLASS xmlns:xsi="http://www.w3.org/2001/XMLSchema-instance" ID="dine-39.5" xsi:noNamespaceSchemaLocation="vn_schema-3.xsd">
    <MEMBERS>
        <MEMBER name="banquet" wn="banquet%2:34:00" grouping=""/>
        <MEMBER name="breakfast" wn="breakfast%2:34:00" grouping=""/>
        <MEMBER name="brunch" wn="brunch%2:34:00" grouping=""/>
        <MEMBER name="dine" wn="dine%2:34:01" grouping="dine.01"/>
        <MEMBER name="feast" wn="feast%2:34:00" grouping=""/>
        <MEMBER name="graze" wn="graze%2:35:01 graze%2:34:02" grouping="graze.01"/>
        <MEMBER name="junket" wn="junket%2:34:00" grouping="junket.03"/> 
        <MEMBER name="lunch" wn="lunch%2:34:00" grouping=""/>
        <MEMBER name="luncheon" wn="" grouping=""/>
        <MEMBER name="nosh" wn="nosh%2:34:00" grouping=""/>
        <MEMBER name="picnic" wn="picnic%2:34:00" grouping=""/>
        <MEMBER name="snack" wn="snack%2:34:00" grouping=""/>
        <MEMBER name="sup" wn="sup%2:34:02" grouping=""/>
    </MEMBERS>
    <THEMROLES>
        <THEMROLE type="Agent">
            <SELRESTRS>
                <SELRESTR Value="+" type="animate"/>
            </SELRESTRS>
        </THEMROLE>
        <THEMROLE type="Patient">
            <SELRESTRS>
                <SELRESTR Value="+" type="comestible"/>
            </SELRESTRS>
        </THEMROLE>
    </THEMROLES>
    <FRAMES>
        <FRAME>
            <DESCRIPTION descriptionNumber="0.1" primary="NP V" secondary="Basic Intransitive" xtag=""/>
            <EXAMPLES>
                <EXAMPLE>Cynthia breakfasted.</EXAMPLE>
            </EXAMPLES>
            <SYNTAX>
                <NP value="Agent">
                    <SYNRESTRS/>
                </NP>
                <VERB/>
            </SYNTAX>
            <SEMANTICS>
                <PRED value="take_in">
                    <ARGS>
                        <ARG type="Event" value="during(E)"/>
                        <ARG type="ThemRole" value="Agent"/>
                        <ARG type="ThemRole" value="?Patient"/>
                    </ARGS>
                </PRED>
            </SEMANTICS>
        </FRAME>
        <FRAME>
            <DESCRIPTION descriptionNumber="0.1" primary="NP V PP.patient" secondary="PP; Patient-PP" xtag=""/>
            <EXAMPLES>
                <EXAMPLE>Cynthia breakfasted on peaches.</EXAMPLE>
            </EXAMPLES>
            <SYNTAX>
                <NP value="Agent">
                    <SYNRESTRS/>
                </NP>
                <VERB/>
                <PREP value="on">
                    <SELRESTRS/>
                </PREP>
                <NP value="Patient">
                    <SYNRESTRS/>
                </NP>
            </SYNTAX>
            <SEMANTICS>
                <PRED value="take_in">
                    <ARGS>
                        <ARG type="Event" value="during(E)"/>
                        <ARG type="ThemRole" value="Agent"/>
                        <ARG type="ThemRole" value="Patient"/>
                    </ARGS>
                </PRED>
            </SEMANTICS>
        </FRAME>
    </FRAMES>
    <SUBCLASSES/>
</VNCLASS>