<!DOCTYPE VNCLASS SYSTEM "vn_class-3.dtd">
<VNCLASS xmlns:xsi="http://www.w3.org/2001/XMLSchema-instance" ID="disappearance-48.2" xsi:noNamespaceSchemaLocation="vn_schema-3.xsd">
    <MEMBERS>
        <MEMBER name="die" wn="die%2:30:00 die%2:30:01" grouping="die.01"/>
        <MEMBER name="go_out" wn="go_out%2:30:00" grouping="go.03"/>
        <MEMBER name="go_down" wn="go_down%2:30:14" grouping="go.03"/>
        <MEMBER name="go_off" wn="go_off%2:35:00" grouping="go.03"/>
    </MEMBERS>
    <THEMROLES>
        <THEMROLE type="Patient">
            <SELRESTRS/>
        </THEMROLE>
        <THEMROLE type="Initial_Location">
            <SELRESTRS/>
        </THEMROLE>
    </THEMROLES>
    <FRAMES>
        <FRAME>
            <DESCRIPTION descriptionNumber="0.1" primary="NP V" secondary="Basic Intransitive" xtag=""/>
            <EXAMPLES>
                <EXAMPLE>The crowd vanished.</EXAMPLE>
            </EXAMPLES>
            <SYNTAX>
                <NP value="Patient">
                    <SYNRESTRS/>
                </NP>
                <VERB/>
            </SYNTAX>
            <SEMANTICS>
                <PRED value="path_rel">
                    <ARGS>
                        <ARG type="Event" value="start(E)"/>
                        <ARG type="ThemRole" value="?Initial_Location"/>
                        <ARG type="ThemRole" value="Patient"/>
                        <ARG type="Constant" value="ch_of_loc"/>
                        <ARG type="VerbSpecific" value="prep"/>
                    </ARGS>
                </PRED>
                <PRED value="path_rel">
                    <ARGS>
                        <ARG type="Event" value="end(E)"/>
                        <ARG type="ThemRole" value="?Destination"/>
                        <ARG type="ThemRole" value="Patient"/>
                        <ARG type="Constant" value="ch_on_scale"/>
                        <ARG type="VerbSpecific" value="prep"/>
                    </ARGS>
                </PRED>
                <PRED bool="!" value="disappear">
                    <ARGS>
                        <ARG type="Event" value="start(E)"/>
                        <ARG type="ThemRole" value="Patient"/>
                    </ARGS>
                </PRED>
                <PRED value="disappear">
                    <ARGS>
                        <ARG type="Event" value="result(E)"/>
                        <ARG type="ThemRole" value="Patient"/>
                    </ARGS>
                </PRED>
            </SEMANTICS>
        </FRAME>
    </FRAMES>
    <SUBCLASSES>
        <VNSUBCLASS ID="disappearance-48.2-1">
            <MEMBERS>
                <MEMBER name="disappear" wn="disappear%2:30:00 disappear%2:39:00 disappear%2:30:02" grouping="disappear.01"/>
                <MEMBER name="expire" wn="expire%2:42:00 expire%2:30:00" grouping="expire.01 expire.02"/>
                <MEMBER name="go" wn="go%2:30:03" grouping="go.03"/>
                <MEMBER name="lapse" wn="lapse%2:30:01 lapse%2:38:00" grouping="lapse.02 lapse.05"/>
                <MEMBER name="perish" wn="perish%2:30:00" grouping=""/>
                <MEMBER name="vanish" wn="vanish%2:30:00 vanish%2:39:00 vanish%2:38:05 vanish%2:30:02 vanish%2:30:01" grouping="vanish.01"/>
            </MEMBERS>
            <THEMROLES/>
            <FRAMES>
                <FRAME>
                    <DESCRIPTION descriptionNumber="6.1" primary="There V PP NP" secondary="PP-NP; Expletive-there Subject" xtag=""/>
                    <EXAMPLES>
                        <EXAMPLE>A valuable manuscript vanished from the library.</EXAMPLE>
                    </EXAMPLES>
                    <SYNTAX>
                        <NP value="Patient">
                            <SYNRESTRS/>
                        </NP>
                        <VERB/>
                        <PREP value="from">
                            <SELRESTRS/>
                        </PREP>
                        <NP value="Initial_Location">
                            <SYNRESTRS/>
                        </NP>
                    </SYNTAX>
                    <SEMANTICS>
                        <PRED value="path_rel">
                            <ARGS>
                                <ARG type="Event" value="start(E)"/>
                                <ARG type="ThemRole" value="Initial_Location"/>
                                <ARG type="ThemRole" value="Patient"/>
                                <ARG type="Constant" value="ch_of_loc"/>
                                <ARG type="VerbSpecific" value="prep"/>
                            </ARGS>
                        </PRED>
                        <PRED value="path_rel">
                            <ARGS>
                                <ARG type="Event" value="end(E)"/>
                                <ARG type="ThemRole" value="?Destination"/>
                                <ARG type="ThemRole" value="Patient"/>
                                <ARG type="Constant" value="ch_on_scale"/>
                                <ARG type="VerbSpecific" value="prep"/>
                            </ARGS>
                        </PRED>
                        <PRED bool="!" value="disappear">
                            <ARGS>
                                <ARG type="Event" value="start(E)"/>
                                <ARG type="ThemRole" value="Patient"/>
                            </ARGS>
                        </PRED>
                        <PRED value="disappear">
                            <ARGS>
                                <ARG type="Event" value="result(E)"/>
                                <ARG type="ThemRole" value="Patient"/>
                            </ARGS>
                        </PRED>
                  </SEMANTICS>
                </FRAME>
            </FRAMES>
            <SUBCLASSES/>
        </VNSUBCLASS>
    </SUBCLASSES>
</VNCLASS>