<!DOCTYPE VNCLASS SYSTEM "vn_class-3.dtd">
<VNCLASS xmlns:xsi="http://www.w3.org/2001/XMLSchema-instance" ID="eat-39.1" xsi:noNamespaceSchemaLocation="vn_schema-3.xsd">
    <MEMBERS/>
    <THEMROLES>
        <THEMROLE type="Agent">
            <SELRESTRS>
                <SELRESTR Value="+" type="animate"/>
            </SELRESTRS>
        </THEMROLE>
        <THEMROLE type="Location">
            <SELRESTRS/>
        </THEMROLE>
    </THEMROLES>
    <FRAMES/>
    <SUBCLASSES>
        <VNSUBCLASS ID="eat-39.1-1">
            <MEMBERS>
                <MEMBER name="eat" wn="eat%2:34:00 eat%2:34:01 eat%2:34:02" grouping="eat.01"/>
            </MEMBERS>
            <THEMROLES>
                <THEMROLE type="Patient">
                    <SELRESTRS>
                        <SELRESTR Value="+" type="biotic"/>
                        <SELRESTR Value="+" type="solid"/>
                    </SELRESTRS>
                </THEMROLE>
            </THEMROLES>
            <FRAMES>
                <FRAME>
                    <DESCRIPTION descriptionNumber="" primary="NP V NP" secondary="Basic Transitive" xtag=""/>
                    <EXAMPLES>
                        <EXAMPLE>Cynthia ate the peach.</EXAMPLE>
                    </EXAMPLES>
                    <SYNTAX>
                        <NP value="Agent">
                            <SYNRESTRS/>
                        </NP>
                        <VERB/>
                        <NP value="Patient">
                            <SYNRESTRS/>
                        </NP>
                    </SYNTAX>
                    <SEMANTICS>
                        <PRED value="take_in">
                            <ARGS>
                                <ARG type="Event" value="during(E)"/>
                                <ARG type="ThemRole" value="Agent"/>
                                <ARG type="ThemRole" value="Patient"/>
                            </ARGS>
                        </PRED>
                    </SEMANTICS>
                </FRAME>
                <FRAME>
                    <DESCRIPTION descriptionNumber="" primary="NP V" secondary="Unspecified Object" xtag=""/>
                    <EXAMPLES>
                        <EXAMPLE>Cynthia ate.</EXAMPLE>
                    </EXAMPLES>
                    <SYNTAX>
                        <NP value="Agent">
                            <SYNRESTRS/>
                        </NP>
                        <VERB/>
                    </SYNTAX>
                    <SEMANTICS>
                        <PRED value="take_in">
                            <ARGS>
                                <ARG type="Event" value="during(E)"/>
                                <ARG type="ThemRole" value="Agent"/>
                                <ARG type="ThemRole" value="?Patient"/>
                            </ARGS>
                        </PRED>
                    </SEMANTICS>
                </FRAME>
                <FRAME>
                    <DESCRIPTION descriptionNumber="" primary="NP V PP.source" secondary="PP; Source-PP" xtag=""/>
                    <EXAMPLES>
                        <EXAMPLE>He ate off of the table.</EXAMPLE>
                    </EXAMPLES>
                    <SYNTAX>
                        <NP value="Agent">
                            <SYNRESTRS/>
                        </NP>
                        <VERB/>
                        <PREP>
                            <SELRESTRS>
                                <SELRESTR Value="+" type="src"/>
                            </SELRESTRS>
                        </PREP>
                        <NP value="Source">
                            <SYNRESTRS/>
                        </NP>
                    </SYNTAX>
                    <SEMANTICS>
                        <PRED value="take_in">
                            <ARGS>
                                <ARG type="Event" value="during(E)"/>
                                <ARG type="ThemRole" value="Agent"/>
                                <ARG type="ThemRole" value="?Patient"/>
                            </ARGS>
                        </PRED>
                        <PRED value="location">
                            <ARGS>
                                <ARG type="Event" value="during(E)"/>
                                <ARG type="ThemRole" value="?Patient"/>
                                <ARG type="ThemRole" value="Location"/>
                            </ARGS>
                        </PRED>
                    </SEMANTICS>
                </FRAME>
            </FRAMES>
            <SUBCLASSES/>
        </VNSUBCLASS>
        <VNSUBCLASS ID="eat-39.1-2">
            <MEMBERS>
                <MEMBER name="drink" wn="drink%2:34:00 drink%2:34:01 drink%2:34:12" grouping="drink.01 drink.02"/>
            </MEMBERS>
            <THEMROLES>
                <THEMROLE type="Patient">
                    <SELRESTRS>
                        <SELRESTR Value="+" type="biotic"/>
                        <SELRESTR Value="-" type="solid"/>
                    </SELRESTRS>
                </THEMROLE>
            </THEMROLES>
            <FRAMES>
                <FRAME>
                    <DESCRIPTION descriptionNumber="" primary="NP V NP" secondary="Basic Transitive" xtag=""/>
                    <EXAMPLES>
                        <EXAMPLE>Cynthia drank the wine.</EXAMPLE>
                    </EXAMPLES>
                    <SYNTAX>
                        <NP value="Agent">
                            <SYNRESTRS/>
                        </NP>
                        <VERB/>
                        <NP value="Patient">
                            <SYNRESTRS/>
                        </NP>
                    </SYNTAX>
                    <SEMANTICS>
                        <PRED value="take_in">
                            <ARGS>
                                <ARG type="Event" value="during(E)"/>
                                <ARG type="ThemRole" value="Agent"/>
                                <ARG type="ThemRole" value="Patient"/>
                            </ARGS>
                        </PRED>
                    </SEMANTICS>
                </FRAME>
                <FRAME>
                    <DESCRIPTION descriptionNumber="" primary="NP V" secondary="Unspecified Object" xtag=""/>
                    <EXAMPLES>
                        <EXAMPLE>Cynthia drank.</EXAMPLE>
                    </EXAMPLES>
                    <SYNTAX>
                        <NP value="Agent">
                            <SYNRESTRS/>
                        </NP>
                        <VERB/>
                    </SYNTAX>
                    <SEMANTICS>
                        <PRED value="take_in">
                            <ARGS>
                                <ARG type="Event" value="during(E)"/>
                                <ARG type="ThemRole" value="Agent"/>
                                <ARG type="ThemRole" value="?Patient"/>
                            </ARGS>
                        </PRED>
                    </SEMANTICS>
                </FRAME>
                <FRAME>
                    <DESCRIPTION descriptionNumber="" primary="NP V PP.source" secondary="PP; Source-PP" xtag=""/>
                    <EXAMPLES>
                        <EXAMPLE>He drank out of the goblet.</EXAMPLE>
                    </EXAMPLES>
                    <SYNTAX>
                        <NP value="Agent">
                            <SYNRESTRS/>
                        </NP>
                        <VERB/>
                        <PREP>
                            <SELRESTRS>
                                <SELRESTR Value="+" type="src"/>
                            </SELRESTRS>
                        </PREP>
                        <NP value="Source">
                            <SYNRESTRS/>
                        </NP>
                    </SYNTAX>
                    <SEMANTICS>
                        <PRED value="take_in">
                            <ARGS>
                                <ARG type="Event" value="during(E)"/>
                                <ARG type="ThemRole" value="Agent"/>
                                <ARG type="ThemRole" value="?Patient"/>
                            </ARGS>
                        </PRED>
                        <PRED value="location">
                            <ARGS>
                                <ARG type="Event" value="during(E)"/>
                                <ARG type="ThemRole" value="?Patient"/>
                                <ARG type="ThemRole" value="Location"/>
                            </ARGS>
                        </PRED>
                    </SEMANTICS>
                </FRAME>
            </FRAMES>
            <SUBCLASSES/>
        </VNSUBCLASS>
	<VNSUBCLASS ID="eat-39.1-3">
            <MEMBERS>
                <MEMBER name="huff" wn="huff%2:34:00" grouping=""/>
                <MEMBER name="inject" wn="inject%2:34:01" grouping="inject.01"/>
                <MEMBER name="mainline" wn="mainline%2:34:00" grouping=""/>
                <MEMBER name="snort" wn="snort%2:34:02 snort%2:34:01" grouping="snort.03"/>
                <MEMBER name="shoot_up" wn="" grouping="shoot.04"/>
                <MEMBER name="smoke" wn="smoke%2:34:00" grouping="smoke.01"/>
                <MEMBER name="use" wn="use%2:34:02" grouping="use.02"/>
            </MEMBERS>
            <THEMROLES>
                <THEMROLE type="Patient">
                    <SELRESTRS>
                        <SELRESTR Value="+" type="biotic"/>
                    </SELRESTRS>
                </THEMROLE>
            </THEMROLES>
            <FRAMES>
                <FRAME>
                    <DESCRIPTION descriptionNumber="" primary="NP V" secondary="Basic Intransitive" xtag=""/>
                    <EXAMPLES>
                        <EXAMPLE>He's using.</EXAMPLE>
                    </EXAMPLES>
                    <SYNTAX>
                        <NP value="Agent">
                            <SYNRESTRS/>
                        </NP>
                        <VERB/>
                    </SYNTAX>
                    <SEMANTICS>
                        <PRED value="take_in">
                            <ARGS>
                                <ARG type="Event" value="during(E)"/>
                                <ARG type="ThemRole" value="Agent"/>
                                <ARG type="ThemRole" value="?Patient"/>
                            </ARGS>
                        </PRED>
                    </SEMANTICS>
                </FRAME>
                <FRAME>
                    <DESCRIPTION descriptionNumber="" primary="NP V NP" secondary="Basic Transitive" xtag=""/>
                    <EXAMPLES>
                        <EXAMPLE>She mainlines heroin.</EXAMPLE>
                    </EXAMPLES>
                    <SYNTAX>
                        <NP value="Agent">
                            <SYNRESTRS/>
                        </NP>
                        <VERB/>
			<NP value="Patient">
			    <SYNRESTRS/>
			</NP>
                    </SYNTAX>
                    <SEMANTICS>
                        <PRED value="take_in">
                            <ARGS>
                                <ARG type="Event" value="during(E)"/>
                                <ARG type="ThemRole" value="Agent"/>
                                <ARG type="ThemRole" value="?Patient"/>
                            </ARGS>
                        </PRED>
                    </SEMANTICS>
                </FRAME>
            </FRAMES>
	    <SUBCLASSES/>
	</VNSUBCLASS>
    </SUBCLASSES>
</VNCLASS>