<!DOCTYPE VNCLASS SYSTEM "vn_class-3.dtd">
<VNCLASS xmlns:xsi="http://www.w3.org/2001/XMLSchema-instance" ID="exchange-13.6.1" xsi:noNamespaceSchemaLocation="vn_schema-3.xsd">
<!--This mirrors the Substitute class, but has ch_of_poss instead of ch_of_loc-->
    <MEMBERS>
        <MEMBER name="barter" wn="barter%2:40:00" grouping=""/>
        <MEMBER name="change" wn="change%2:30:05 change%2:30:04" grouping="change.02"/>
        <MEMBER name="exchange" wn="exchange%2:30:00 exchange%2:41:00" grouping="exchange.01 exchange.02"/>
        <MEMBER name="trade" wn="trade%2:40:00 trade%2:40:02" grouping="trade.02"/>
    </MEMBERS>
    <THEMROLES>
        <THEMROLE type="Agent">
            <SELRESTRS logic="or">
                <SELRESTR Value="+" type="animate"/>
                <SELRESTR Value="+" type="organization"/>
            </SELRESTRS>
        </THEMROLE>
        <THEMROLE type="Theme">
            <SELRESTRS/>
        </THEMROLE>
        <THEMROLE type="Co-Theme">
            <SELRESTRS/>
        </THEMROLE>
        <THEMROLE type="Co-Agent">
            <SELRESTRS logic="or">
                <SELRESTR Value="+" type="animate"/>
                <SELRESTR Value="+" type="organization"/>
            </SELRESTRS>
        </THEMROLE>
    </THEMROLES>
    <FRAMES>
        <FRAME>
            <DESCRIPTION descriptionNumber="0.2" primary="NP V NP PP.co-theme" secondary="NP-PP; for-PP" xtag=""/>
            <EXAMPLES>
                <EXAMPLE>Gwen exchanged the dress for a shirt.</EXAMPLE>
            </EXAMPLES>
            <SYNTAX>
                <NP value="Agent">
                    <SYNRESTRS/>
                </NP>
                <VERB/>
                <NP value="Theme">
                    <SYNRESTRS/>
                </NP>
                <PREP value="for">
                    <SELRESTRS/>
                </PREP>
                <NP value="Co-Theme">
                    <SYNRESTRS/>
                </NP>
            </SYNTAX>
            <SEMANTICS>
                <PRED value="path_rel">
                    <ARGS>
                        <ARG type="Event" value="start(E)"/>
                        <ARG type="ThemRole" value="Source"/>
                        <ARG type="ThemRole" value="Theme"/>
                        <ARG type="Constant" value="ch_of_poss"/>
                        <ARG type="VerbSpecific" value="prep"/> 
                    </ARGS>
                </PRED>
                <PRED value="path_rel">
                    <ARGS>
                        <ARG type="Event" value="start(E)"/>
                        <ARG type="ThemRole" value="Source"/>
                        <ARG type="ThemRole" value="Co-Theme"/>
                        <ARG type="Constant" value="ch_of_poss"/>
                        <ARG type="VerbSpecific" value="prep"/>
                    </ARGS>
                </PRED>
                <PRED value="path_rel">
                    <ARGS>
                        <ARG type="Event" value="end(E)"/>
                        <ARG type="ThemRole" value="Goal"/>
                        <ARG type="ThemRole" value="Co-Theme"/>
                        <ARG type="Constant" value="ch_of_poss"/>
                        <ARG type="VerbSpecific" value="prep"/>
                    </ARGS>
                </PRED>
                <PRED value="path_rel">
                    <ARGS>
                        <ARG type="Event" value="end(E)"/>
                        <ARG type="ThemRole" value="Goal"/>
                        <ARG type="ThemRole" value="Theme"/>
                        <ARG type="Constant" value="ch_of_poss"/>
                        <ARG type="VerbSpecific" value="prep"/>
                    </ARGS>
                </PRED>
                <PRED value="transfer">
                    <ARGS>
                        <ARG type="Event" value="during(E)"/>
                        <ARG type="ThemRole" value="Theme"/>
                    </ARGS>
                </PRED>
                <PRED value="transfer">
                    <ARGS>
                        <ARG type="Event" value="during(E)"/>
                        <ARG type="ThemRole" value="Co-Theme"/>
                    </ARGS>
                </PRED>
                <PRED value="cause">
                    <ARGS>
                        <ARG type="ThemRole" value="Agent"/>
                        <ARG type="Event" value="E"/>
                    </ARGS>
                </PRED>
                <PRED value="equals">
                    <ARGS>
                        <ARG type="ThemRole" value="Agent"/>
                        <ARG type="ThemRole" value="Source"/>
                    </ARGS>
                </PRED>
                <PRED value="equals">
                    <ARGS>
                        <ARG type="ThemRole" value="Co-agent"/>
                        <ARG type="ThemRole" value="Goal"/>
                    </ARGS>
                </PRED>
            </SEMANTICS>
        </FRAME>
        <FRAME>
            <DESCRIPTION descriptionNumber="" primary="NP V NP" secondary="Basic Transitive" xtag=""/>
            <EXAMPLES>
                <EXAMPLE>Twenty couples exchanged rings.</EXAMPLE>
            </EXAMPLES>
            <SYNTAX>
                <NP value="Agent">
                    <SYNRESTRS>
                        <SYNRESTR Value="+" type="plural"/>
                    </SYNRESTRS>
                </NP>
                <VERB/>
                <NP value="Theme">
                    <SYNRESTRS>
                        <SYNRESTR Value="+" type="plural"/>
                    </SYNRESTRS>
                </NP>
            </SYNTAX>
            <SEMANTICS>
                <PRED value="path_rel">
                    <ARGS>
                        <ARG type="Event" value="start(E)"/>
                        <ARG type="ThemRole" value="Source_i"/>
                        <ARG type="ThemRole" value="Theme_i"/>
                        <ARG type="Constant" value="ch_of_poss"/>
                        <ARG type="VerbSpecific" value="prep"/> 
                    </ARGS>
                </PRED>
                <PRED value="path_rel">
                    <ARGS>
                        <ARG type="Event" value="end(E)"/>
                        <ARG type="ThemRole" value="Goal_j"/>
                        <ARG type="ThemRole" value="Theme_i"/>
                        <ARG type="Constant" value="ch_of_poss"/>
                        <ARG type="VerbSpecific" value="prep"/> 
                    </ARGS>
                </PRED>
                <PRED value="path_rel">
                    <ARGS>
                        <ARG type="Event" value="start(E)"/>
                        <ARG type="ThemRole" value="Source_j"/>
                        <ARG type="ThemRole" value="Theme_j"/>
                        <ARG type="Constant" value="ch_of_poss"/>
                        <ARG type="VerbSpecific" value="prep"/>
                    </ARGS>
                </PRED>
                <PRED value="path_rel">
                    <ARGS>
                        <ARG type="Event" value="end(E)"/>
                        <ARG type="ThemRole" value="Goal_i"/>
                        <ARG type="ThemRole" value="Theme_j"/>
                        <ARG type="Constant" value="ch_of_poss"/>
                        <ARG type="VerbSpecific" value="prep"/>
                    </ARGS>
                </PRED>
                <PRED value="transfer">
                    <ARGS>
                        <ARG type="Event" value="during(E)"/>
                        <ARG type="ThemRole" value="Theme_i"/>
                    </ARGS>
                </PRED>
                <PRED value="transfer">
                    <ARGS>
                        <ARG type="Event" value="during(E)"/>
                        <ARG type="ThemRole" value="Theme_j"/>
                    </ARGS>
                </PRED>
                <PRED value="cause">
                    <ARGS>
                        <ARG type="ThemRole" value="Agent"/>
                        <ARG type="Event" value="E"/>
                    </ARGS>
                </PRED>
                <PRED value="equals">
                    <ARGS>
                        <ARG type="ThemRole" value="Source_i"/>
                        <ARG type="ThemRole" value="Agent"/>
                    </ARGS>
                </PRED>
                <PRED value="equals">
                    <ARGS>
                        <ARG type="ThemRole" value="Goal_j"/>
                        <ARG type="ThemRole" value="Agent"/>
                    </ARGS>
                </PRED>
                <PRED value="equals">
                    <ARGS>
                        <ARG type="ThemRole" value="Source_j"/>
                        <ARG type="ThemRole" value="Agent"/>
                    </ARGS>
                </PRED>  
                <PRED value="equals">
                    <ARGS>
                        <ARG type="ThemRole" value="Goal_i"/>
                        <ARG type="ThemRole" value="Agent"/>
                    </ARGS>
                </PRED>
            </SEMANTICS>
        </FRAME>
        <FRAME>
            <DESCRIPTION descriptionNumber="" primary="NP V PP.theme" secondary="NP-PP; locative-PP" xtag=""/>
            <EXAMPLES>
                <EXAMPLE>He swapped between the two.</EXAMPLE>
            </EXAMPLES>
            <SYNTAX>
                <NP value="Agent">
                    <SYNRESTRS/>
                </NP>
                <VERB/>
                <PREP>
                    <SELRESTRS>
                        <SELRESTR Value="+" type="loc"/>
                    </SELRESTRS>
                </PREP>
                <NP value="Theme">
                    <SYNRESTRS>
                        <SYNRESTR Value="+" type="plural"/>
                    </SYNRESTRS>
                </NP>
            </SYNTAX>
            <SEMANTICS>
                <PRED value="path_rel">
                    <ARGS>
                        <ARG type="Event" value="start(E)"/>
                        <ARG type="ThemRole" value="Source"/>
                        <ARG type="ThemRole" value="Theme_i"/>
                        <ARG type="Constant" value="ch_of_poss"/>
                        <ARG type="VerbSpecific" value="prep"/>
                    </ARGS>
                </PRED>
                <PRED value="path_rel">
                    <ARGS>
                        <ARG type="Event" value="end(E)"/>
                        <ARG type="ThemRole" value="Goal"/>
                        <ARG type="ThemRole" value="Theme_j"/>
                        <ARG type="Constant" value="ch_of_poss"/>
                        <ARG type="VerbSpecific" value="prep"/>
                    </ARGS>
                </PRED>
                <PRED value="transfer">
                    <ARGS>
                        <ARG type="Event" value="during(E)"/>
                        <ARG type="ThemRole" value="Theme_i"/>
                    </ARGS>
                </PRED>
                <PRED value="transfer">
                    <ARGS>
                        <ARG type="Event" value="during(E)"/>
                        <ARG type="ThemRole" value="Theme_j"/>
                    </ARGS>
                </PRED>
                <PRED value="cause">
                    <ARGS>
                        <ARG type="ThemRole" value="Agent"/>
                        <ARG type="Event" value="E"/>
                    </ARGS>
                </PRED>
                <PRED value="equals">
                    <ARGS>
                        <ARG type="ThemRole" value="Source"/>
                        <ARG type="ThemRole" value="Agent"/>
                    </ARGS>
                </PRED>
                <PRED value="equals">
                    <ARGS>
                        <ARG type="ThemRole" value="Goal"/>
                        <ARG type="ThemRole" value="Agent"/>
                    </ARGS>
                </PRED>
            </SEMANTICS>
        </FRAME>
        <FRAME>
            <DESCRIPTION descriptionNumber="" primary="NP V NP PP.co-agent" secondary="NP-PP; with-PP" xtag=""/>
            <EXAMPLES>
                <EXAMPLE>Cathay is swapping equity stakes with the U.S. carrier.</EXAMPLE>
            </EXAMPLES>
            <SYNTAX>
                <NP value="Agent">
                    <SYNRESTRS/>
                </NP>
                <VERB/>
                <NP value="Theme">
                    <SYNRESTRS>
                        <SYNRESTR Value="+" type="plural"/>
                    </SYNRESTRS>
                </NP>
                <PREP value="with">
                    <SELRESTRS/>
                </PREP>
                <NP value="Co-Agent">
                    <SYNRESTRS/>
                </NP>
            </SYNTAX>
            <SEMANTICS>
                <PRED value="path_rel">
                    <ARGS>
                        <ARG type="Event" value="start(E)"/>
                        <ARG type="ThemRole" value="Source_i"/>
                        <ARG type="ThemRole" value="Theme_i"/>
                        <ARG type="Constant" value="ch_of_poss"/>
                        <ARG type="VerbSpecific" value="prep"/>
                    </ARGS>
                </PRED>
                <PRED value="path_rel">
                    <ARGS>
                        <ARG type="Event" value="end(E)"/>
                        <ARG type="ThemRole" value="Goal_i"/>
                        <ARG type="ThemRole" value="Theme_i"/>
                        <ARG type="Constant" value="ch_of_poss"/>
                        <ARG type="VerbSpecific" value="prep"/>
                    </ARGS>
                </PRED>
                <PRED value="path_rel">
                    <ARGS>
                        <ARG type="Event" value="start(E)"/>
                        <ARG type="ThemRole" value="Source_j"/>
                        <ARG type="ThemRole" value="Theme_j"/>
                        <ARG type="Constant" value="ch_of_poss"/>
                        <ARG type="VerbSpecific" value="prep"/>
                    </ARGS>
                </PRED>
                <PRED value="path_rel">
                    <ARGS>
                        <ARG type="Event" value="end(E)"/>
                        <ARG type="ThemRole" value="Goal_j"/>
                        <ARG type="ThemRole" value="Theme_j"/>
                        <ARG type="Constant" value="ch_of_poss"/>
                        <ARG type="VerbSpecific" value="prep"/>
                    </ARGS>
                </PRED>
                <PRED value="transfer">
                    <ARGS>
                        <ARG type="Event" value="during(E)"/>
                        <ARG type="ThemRole" value="Theme_i"/>
                    </ARGS>
                </PRED>
                <PRED value="transfer">
                    <ARGS>
                        <ARG type="Event" value="during(E)"/>
                        <ARG type="ThemRole" value="Theme_j"/>
                    </ARGS>
                </PRED>
                <PRED value="equals">
                    <ARGS>
                        <ARG type="ThemRole" value="Source_i"/>
                        <ARG type="ThemRole" value="Agent"/>
                    </ARGS>
                </PRED> 
                <PRED value="equals">
                    <ARGS>
                        <ARG type="ThemRole" value="Goal_i"/>
                        <ARG type="ThemRole" value="Co-Agent"/>
                    </ARGS>
                </PRED>  
                <PRED value="equals">
                    <ARGS>
                        <ARG type="ThemRole" value="Source_j"/>
                        <ARG type="ThemRole" value="Co-Agent"/>
                    </ARGS>  
                </PRED>
                <PRED value="equals">
                    <ARGS>
                        <ARG type="ThemRole" value="Goal_j"/>
                        <ARG type="ThemRole" value="Agent"/>
                    </ARGS>
                </PRED>
            </SEMANTICS>
        </FRAME>
        <FRAME>
            <DESCRIPTION descriptionNumber="" primary="NP V NP" secondary="Basic Transitive" xtag=""/>
            <EXAMPLES>
                <EXAMPLE>She exchanged her purchase.</EXAMPLE>
            </EXAMPLES>
            <SYNTAX>
                <NP value="Agent">
                    <SYNRESTRS/>
                </NP>
                <VERB/>
                <NP value="Theme">
                    <SYNRESTRS/>
                </NP>
            </SYNTAX>
            <SEMANTICS>
                <PRED value="transfer">
                    <ARGS>
                        <ARG type="Event" value="during(E)"/>
                        <ARG type="ThemRole" value="Theme"/>
                    </ARGS>
                </PRED>
                <PRED value="cause">
                    <ARGS>
                        <ARG type="ThemRole" value="Agent"/>
                        <ARG type="Event" value="E"/>
                    </ARGS>
                </PRED>
                <PRED value="path_rel">
                    <ARGS>
                        <ARG type="Event" value="start(E)"/>
                        <ARG type="ThemRole" value="Source"/>
                        <ARG type="ThemRole" value="Theme_i"/>
                        <ARG type="Constant" value="ch_of_poss"/>
                        <ARG type="VerbSpecific" value="prep"/>
                    </ARGS> 
                </PRED>
                <PRED value="path_rel">
                    <ARGS>
                        <ARG type="Event" value="start(E)"/>
                        <ARG type="ThemRole" value="?Goal"/>
                        <ARG type="ThemRole" value="?Theme_j"/>
                        <ARG type="Constant" value="ch_of_poss"/>
                        <ARG type="VerbSpecific" value="prep"/>
                    </ARGS>
                </PRED>
                <PRED value="path_rel">
                    <ARGS>
                        <ARG type="Event" value="end(E)"/>
                        <ARG type="ThemRole" value="Source"/>
                        <ARG type="ThemRole" value="?Theme_j"/>
                        <ARG type="Constant" value="ch_of_poss"/>
                        <ARG type="VerbSpecific" value="prep"/>
                    </ARGS>
                </PRED>
                <PRED value="path_rel">
                    <ARGS>
                        <ARG type="Event" value="end(E)"/>
                        <ARG type="ThemRole" value="?Goal"/>
                        <ARG type="ThemRole" value="Theme_i"/>
                        <ARG type="Constant" value="ch_of_poss"/>
                        <ARG type="VerbSpecific" value="prep"/>
                    </ARGS>
                </PRED>
                <PRED value="equals">
                    <ARGS>
                        <ARG type="ThemRole" value="Source"/>
                        <ARG type="ThemRole" value="Agent"/>
                    </ARGS>
                </PRED>
                <PRED value="equals">
                    <ARGS>
                        <ARG type="ThemRole" value="Theme_i"/>
                        <ARG type="ThemRole" value="Theme"/>
                    </ARGS>
                </PRED>
            </SEMANTICS>
        </FRAME>
    </FRAMES>
    <SUBCLASSES>
    </SUBCLASSES>
</VNCLASS>