<!DOCTYPE VNCLASS SYSTEM "vn_class-3.dtd">
<VNCLASS xmlns:xsi="http://www.w3.org/2001/XMLSchema-instance" ID="exhale-40.1.3" xsi:noNamespaceSchemaLocation="vn_schema-3.xsd">
    <MEMBERS/>
    <THEMROLES>
        <THEMROLE type="Pivot">
            <SELRESTRS>
                <SELRESTR Value="+" type="animate"/>
            </SELRESTRS>
        </THEMROLE>
        <THEMROLE type="Theme">
            <SELRESTRS/>
        </THEMROLE>
    </THEMROLES>
    <FRAMES/>
    <SUBCLASSES>
        <VNSUBCLASS ID="exhale-40.1.3-1">
            <MEMBERS>
                <MEMBER name="defecate" wn="" grouping=""/>
                <MEMBER name="exhale" wn="exhale%2:29:00" grouping=""/>
                <MEMBER name="hemorrhage" wn="" grouping=""/>
                <MEMBER name="perspire" wn="perspire%2:29:00" grouping=""/>
                <MEMBER name="expectorate" wn="expectorate%2:29:00" grouping=""/>
                <MEMBER name="regurgitate" wn="" grouping=""/>
                <MEMBER name="urinate" wn="urinate%2:29:01" grouping=""/>
                <MEMBER name="whiff" wn="whiff%2:34:02" grouping=""/>
            </MEMBERS>
            <THEMROLES/>
            <FRAMES>
                <FRAME>
                    <DESCRIPTION descriptionNumber="0.1" primary="NP V" secondary="Intransitive" xtag="0.1"/>
                    <EXAMPLES>
                        <EXAMPLE>Paul exhaled.</EXAMPLE>
                    </EXAMPLES>
                    <SYNTAX>
                        <NP value="Pivot">
                            <SYNRESTRS/>
                        </NP>
                        <VERB/>
                    </SYNTAX>
                    <SEMANTICS>
                        <PRED value="body_process">
                            <ARGS>
                                <ARG type="Event" value="E"/>
                                <ARG type="ThemRole" value="Pivot"/>
                            </ARGS>
                        </PRED>
                        <PRED value="emit">
                            <ARGS>
                                <ARG type="Event" value="during(E)"/>
                                <ARG type="ThemRole" value="Pivot"/>
                                <ARG type="ThemRole" value="?Theme"/>
                            </ARGS>
                        </PRED>
                    </SEMANTICS>
                </FRAME>
                <FRAME>
                    <DESCRIPTION descriptionNumber="0.2" primary="NP V NP" secondary="Transitive" xtag="0.2"/>
                    <EXAMPLES>
                        <EXAMPLE>Paul exhaled a breath.</EXAMPLE>
                    </EXAMPLES>
                    <SYNTAX>
                        <NP value="Pivot">
                            <SYNRESTRS/>
                        </NP>
                        <VERB/>
                        <NP value="Theme">
                            <SYNRESTRS/>
                        </NP>
                    </SYNTAX>
                    <SEMANTICS>
                        <PRED value="body_process">
                            <ARGS>
                                <ARG type="Event" value="E"/>
                                <ARG type="ThemRole" value="Pivot"/>
                            </ARGS>
                        </PRED>
                        <PRED value="emit">
                            <ARGS>
                                <ARG type="Event" value="during(E)"/>
                                <ARG type="ThemRole" value="Pivot"/>
                                <ARG type="ThemRole" value="Theme"/>
                            </ARGS>
                        </PRED>
                    </SEMANTICS>
                </FRAME>
            </FRAMES>
            <SUBCLASSES/>
        </VNSUBCLASS>
        <VNSUBCLASS ID="exhale-40.1.3-2">
            <MEMBERS>
                <MEMBER name="inhale" wn="inhale%2:29:00" grouping="inhale.01"/>
            </MEMBERS>
            <THEMROLES/>
            <FRAMES>
                <FRAME>
                    <DESCRIPTION descriptionNumber="0.1" primary="NP V" secondary="Intransitive" xtag="0.1"/>
                    <EXAMPLES>
                        <EXAMPLE>Paul inhaled.</EXAMPLE>
                    </EXAMPLES>
                    <SYNTAX>
                        <NP value="Pivot">
                            <SYNRESTRS/>
                        </NP>
                        <VERB/>
                    </SYNTAX>
                    <SEMANTICS>
                        <PRED value="body_process">
                            <ARGS>
                                <ARG type="Event" value="E"/>
                                <ARG type="ThemRole" value="Pivot"/>
                            </ARGS>
                        </PRED>
                        <PRED value="take_in">
                            <ARGS>
                                <ARG type="Event" value="during(E)"/>
                                <ARG type="ThemRole" value="Pivot"/>
                                <ARG type="ThemRole" value="?Theme"/>
                            </ARGS>
                        </PRED>
                    </SEMANTICS>
                </FRAME>
                <FRAME>
                    <DESCRIPTION descriptionNumber="0.2" primary="NP V NP" secondary="Transitive" xtag="0.2"/>
                    <EXAMPLES>
                        <EXAMPLE>Paul inhaled water.</EXAMPLE>
                    </EXAMPLES>
                    <SYNTAX>
                        <NP value="Pivot">
                            <SYNRESTRS/>
                        </NP>
                        <VERB/>
                        <NP value="Theme">
                            <SYNRESTRS/>
                        </NP>
                    </SYNTAX>
                    <SEMANTICS>
                        <PRED value="body_process">
                            <ARGS>
                                <ARG type="Event" value="E"/>
                                <ARG type="ThemRole" value="Pivot"/>
                            </ARGS>
                        </PRED>
                        <PRED value="take_in">
                            <ARGS>
                                <ARG type="Event" value="during(E)"/>
                                <ARG type="ThemRole" value="Pivot"/>
                                <ARG type="ThemRole" value="Theme"/>
                            </ARGS>
                        </PRED>
                    </SEMANTICS>
                </FRAME>
            </FRAMES>
            <SUBCLASSES/>
        </VNSUBCLASS>
    </SUBCLASSES>
</VNCLASS>