<!DOCTYPE VNCLASS SYSTEM "vn_class-3.dtd">
<VNCLASS xmlns:xsi="http://www.w3.org/2001/XMLSchema-instance" ID="exist-47.1" xsi:noNamespaceSchemaLocation="vn_schema-3.xsd">
    <MEMBERS>
        <MEMBER name="coexist" wn="coexist%2:42:01 coexist%2:42:00" grouping=""/>
        <MEMBER name="dwell" wn="dwell%2:42:01 dwell%2:42:00" grouping="dwell.02"/>
        <MEMBER name="exist" wn="exist%2:42:00 exist%2:42:01" grouping="exist.01 exist.02"/>
        <MEMBER name="extend" wn="extend%2:42:03 extend%2:42:01 extend%2:30:06" grouping="extend.01 extend.02"/>
        <MEMBER name="flourish" wn="flourish%2:30:01" grouping="flourish.01"/>
        <MEMBER name="hold" wn="" grouping="hold.05"/>
        <MEMBER name="languish" wn="languish%2:30:00 languish%2:29:00" grouping="languish.01"/>
        <MEMBER name="linger" wn="linger%2:42:02 linger%2:42:00" grouping="linger.01"/>
        <MEMBER name="live" wn="live%2:42:08 live%2:42:04 live%2:42:01" grouping="live.01 live.02 live.03"/>
        <MEMBER name="loom" wn="loom%2:42:02 loom%2:42:06" grouping="loom.01 loom.02"/>
        <MEMBER name="lurk" wn="lurk%2:42:01 lurk%2:42:00 lurk%2:33:00" grouping="lurk.01"/>
        <MEMBER name="persist" wn="persist%2:42:00" grouping="persist.01"/>
        <MEMBER name="predominate" wn="predominate%2:42:00" grouping=""/>
        <MEMBER name="prevail" wn="prevail%2:42:02 prevail%2:42:01 prevail%2:42:00" grouping="prevail.02"/>
        <MEMBER name="prosper" wn="prosper%2:40:00" grouping=""/>
        <MEMBER name="remain" wn="remain%2:30:00 remain%2:42:03 remain%2:42:05" grouping="remain.01 remain.02"/>
        <MEMBER name="reside" wn="reside%2:42:00 reside%2:42:01 reside%2:42:12" grouping="reside.01"/>
        <MEMBER name="shelter" wn="" grouping=""/>
        <MEMBER name="stand" wn="stand%2:42:04" grouping="stand.03"/>
        <MEMBER name="stay" wn="stay%2:30:00 stay%2:38:00 stay%2:42:02 stay%2:38:01" grouping="stay.01"/>
        <MEMBER name="thrive" wn="thrive%2:30:00 thrive%2:40:00" grouping="thrive.01"/>
        <MEMBER name="tower" wn="tower%2:42:00" grouping=""/>
        <MEMBER name="vegetate" wn="vegetate%2:42:00" grouping="vegetate.01"/>
        <MEMBER name="wait" wn="wait%2:42:00" grouping="wait.01"/>
        <MEMBER name="persevere" wn="" grouping=""/>
    </MEMBERS>
    <THEMROLES>
        <THEMROLE type="Theme">
            <SELRESTRS/>
        </THEMROLE>
        <THEMROLE type="Location">
            <SELRESTRS/>
        </THEMROLE>
    </THEMROLES>
    <FRAMES>
        <FRAME>
            <DESCRIPTION descriptionNumber="0.1" primary="NP V" secondary="Basic Intransitive" xtag="0.1"/>
            <EXAMPLES>
                <EXAMPLE>Elvis lives.</EXAMPLE>
            </EXAMPLES>
            <SYNTAX>
                <NP value="Theme">
                    <SYNRESTRS/>
                </NP>
                <VERB/>
            </SYNTAX>
            <SEMANTICS>
                <PRED value="exist">
                    <ARGS>
                        <ARG type="Event" value="during(E)"/>
                        <ARG type="ThemRole" value="Theme"/>
                    </ARGS>
                </PRED>
            </SEMANTICS>
        </FRAME>
        <FRAME>
            <DESCRIPTION descriptionNumber="0.1" primary="NP V PP.location" secondary="PP; locative-PP" xtag="0.1"/>
            <EXAMPLES>
                <EXAMPLE>Herbicides persist in the soil.</EXAMPLE>
            </EXAMPLES>
            <SYNTAX>
                <NP value="Theme">
                    <SYNRESTRS/>
                </NP>
                <VERB/>
                <PREP>
                    <SELRESTRS>
                        <SELRESTR Value="+" type="loc"/>
                    </SELRESTRS>
                </PREP>
                <NP value="Location">
                    <SYNRESTRS/>
                </NP>
            </SYNTAX>
            <SEMANTICS>
                <PRED value="exist">
                    <ARGS>
                        <ARG type="Event" value="during(E)"/>
                        <ARG type="ThemRole" value="Theme"/>
                    </ARGS>
                </PRED>
            </SEMANTICS>
        </FRAME> 
    </FRAMES>
    <SUBCLASSES>
        <VNSUBCLASS ID="exist-47.1-1">
            <MEMBERS>
                <MEMBER name="endure" wn="endure%2:42:00 endure%2:42:08" grouping="endure.01"/>
                <MEMBER name="live" wn="live%2:42:04" grouping="live.03"/>
                <MEMBER name="survive" wn="survive%2:42:01 survive%2:42:02 survive%2:42:00" grouping="survive.01"/>
            </MEMBERS>
            <THEMROLES>
                <THEMROLE type="Pivot">
                    <SELRESTRS/>
                </THEMROLE>
                <THEMROLE type="Manner">
                    <SELRESTRS/>
                </THEMROLE>
            </THEMROLES>
            <FRAMES>
                <FRAME>
                    <DESCRIPTION descriptionNumber="" primary="NP V NP" secondary="Basic Transitive" xtag=""/>
                    <EXAMPLES>
                        <EXAMPLE>I endured the routine heavy traffic.</EXAMPLE>
                    </EXAMPLES>
                    <SYNTAX>
                        <NP value="Theme">
                            <SYNRESTRS/>
                        </NP>
                        <VERB/>
                        <NP value="Pivot">
                            <SYNRESTRS/>
                        </NP>
                    </SYNTAX>
                    <SEMANTICS>
                        <PRED value="exist">
                            <ARGS>
                                <ARG type="Event" value="during(E)"/>
                                <ARG type="ThemRole" value="Theme"/>
                            </ARGS>
                        </PRED>
                    </SEMANTICS>
                </FRAME>
                <FRAME>
                    <DESCRIPTION descriptionNumber="" primary="NP V PP" secondary="" xtag=""/>
                    <EXAMPLES>
                        <EXAMPLE>I lived through the horrible weekend.</EXAMPLE>
                    </EXAMPLES>
                    <SYNTAX>
                        <NP value="Theme">
                            <SYNRESTRS/>
                        </NP>
                        <VERB/>
                        <PREP>
                           <SELRESTRS/>
                        </PREP>
                        <NP value="Pivot">
                            <SYNRESTRS/>
                        </NP>
                    </SYNTAX>
                    <SEMANTICS>
                        <PRED value="exist">
                            <ARGS>
                                <ARG type="Event" value="during(E)"/>
                                <ARG type="ThemRole" value="Theme"/>
                            </ARGS>
                        </PRED>
                    </SEMANTICS>
                </FRAME>
                <FRAME>
                    <DESCRIPTION descriptionNumber="" primary="NP V PP" secondary="" xtag=""/>
                    <EXAMPLES>
                        <EXAMPLE>We lived on $10 a day.</EXAMPLE>
                    </EXAMPLES>
                    <SYNTAX>
                        <NP value="Theme">
                            <SYNRESTRS/>
                        </NP>
                        <VERB/>
                        <PREP>
                            <SELRESTRS/>
                        </PREP>
                        <NP value="Manner">
                            <SYNRESTRS/>
                        </NP>
                    </SYNTAX>
                    <SEMANTICS>
                        <PRED value="exist">
                            <ARGS>
                                <ARG type="Event" value="during(E)"/>
                                <ARG type="ThemRole" value="Theme"/>
                            </ARGS>
                        </PRED>
                    </SEMANTICS>
                </FRAME>
            </FRAMES>
            <SUBCLASSES/> 
        </VNSUBCLASS>
    </SUBCLASSES>
</VNCLASS>