<!DOCTYPE VNCLASS SYSTEM "vn_class-3.dtd">
<VNCLASS xmlns:xsi="http://www.w3.org/2001/XMLSchema-instance" ID="focus-87.1" xsi:noNamespaceSchemaLocation="vn_schema-3.xsd">
    <MEMBERS>
        <MEMBER name="focus" wn="focus%2:31:00" grouping="focus.02"/>
        <MEMBER name="focalize" wn="focalize%2:42:00 focalize%2:31:00 focalize%2:30:00" grouping="focalize.01"/>
        <MEMBER name="center" wn="center%2:42:00 center%2:31:00" grouping="center.02"/>
	<MEMBER name="concentrate" wn="concentrate%2:31:01" grouping="concentrate.01"/>
        <MEMBER name="contemplate" wn="contemplate%2:31:02         contemplate%2:31:00 contemplate%2:31:01" grouping="contemplate.01"/>
        <MEMBER name="converge" wn="" grouping="converge.01"/>
        <MEMBER name="dwell" wn="dwell%2:31:00" grouping="dwell.01"/>
        <MEMBER name="fixate" wn="fixate%2:41:00 fixate%2:39:00" grouping="fixate.01"/>
    </MEMBERS>
    <THEMROLES>
        <THEMROLE type="Agent">
            <SELRESTRS logic="or">
                <SELRESTR Value="+" type="animate"/>
            </SELRESTRS>
        </THEMROLE>
        <THEMROLE type="Topic">
            <SELRESTRS/>
        </THEMROLE>
    </THEMROLES>
    <FRAMES>
        <FRAME>
            <DESCRIPTION descriptionNumber="0.1" primary="NP V PP.topic" secondary="PP; on-PP" xtag="0.2"/>
            <EXAMPLES>
                <EXAMPLE>We focused on it.</EXAMPLE>
            </EXAMPLES>
            <SYNTAX>
                <NP value="Agent">
                    <SYNRESTRS/>
                </NP>
                <VERB/>
                <PREP value="on">
                    <SELRESTRS/>
                </PREP>
                <NP value="Topic">
                    <SYNRESTRS>
                        <SYNRESTR Value="-" type="sentential"/>
                    </SYNRESTRS>
                </NP>
            </SYNTAX>
            <SEMANTICS>
                <PRED value="think">
                    <ARGS>
                        <ARG type="Event" value="during(E)"/>
                        <ARG type="ThemRole" value="Agent"/>
                        <ARG type="ThemRole" value="Topic"/>
                    </ARGS>
                </PRED>
                <PRED value="cause">
                    <ARGS>
                        <ARG type="Event" value="E"/>
                        <ARG type="ThemRole" value="Agent"/>
                    </ARGS>
                </PRED>
            </SEMANTICS>
        </FRAME>
        <FRAME>
            <DESCRIPTION descriptionNumber="8.1" primary="NP V PP.theme S_ING" secondary="P-ING-SC; on-PP" xtag="0.2"/>
            <EXAMPLES>
                <EXAMPLE>We focused on reading the book.</EXAMPLE>
            </EXAMPLES>
            <SYNTAX>
                <NP value="Agent">
                    <SYNRESTRS/>
                </NP>
                <VERB/>
                <PREP value="on">
                    <SELRESTRS/>
                </PREP>
                <NP value="Topic">
                    <SYNRESTRS>
                        <SYNRESTR Value="+" type="sc_ing"/>
                    </SYNRESTRS>
                </NP>
            </SYNTAX>
            <SEMANTICS>
                <PRED value="think">
                    <ARGS>
                        <ARG type="Event" value="during(E)"/>
                        <ARG type="ThemRole" value="Agent"/>
                        <ARG type="ThemRole" value="Topic"/>
                    </ARGS>
                </PRED>
                <PRED value="cause">
                    <ARGS>
                        <ARG type="Event" value="E"/>
                        <ARG type="ThemRole" value="Agent"/>
                    </ARGS>
                </PRED>
            </SEMANTICS>
        </FRAME>
        <FRAME>
            <DESCRIPTION descriptionNumber="8.1" primary="NP V PP.topic what S" secondary="P-WHAT-S; on-PP" xtag="0.2"/>
            <EXAMPLES>
                <EXAMPLE>We focused on what he wanted.</EXAMPLE>
            </EXAMPLES>
            <SYNTAX>
                <NP value="Agent">
                    <SYNRESTRS/>
                </NP>
                <VERB/>
                <PREP value="on">
                    <SELRESTRS/>
                </PREP>
                <NP value="Topic">
                    <SYNRESTRS>
                        <SYNRESTR Value="+" type="what_extract"/>
                    </SYNRESTRS>
                </NP>
            </SYNTAX>
            <SEMANTICS>
                <PRED value="think">
                    <ARGS>
                        <ARG type="Event" value="during(E)"/>
                        <ARG type="ThemRole" value="Agent"/>
                        <ARG type="ThemRole" value="Topic"/>
                    </ARGS>
                </PRED>
                <PRED value="cause">
                    <ARGS>
                        <ARG type="Event" value="E"/>
                        <ARG type="ThemRole" value="Agent"/>
                    </ARGS>
                </PRED>
            </SEMANTICS>
        </FRAME>
        <FRAME>
            <DESCRIPTION descriptionNumber="8.1" primary="NP V PP.topic what S_INF" secondary="P-WHAT-TO-INF; on-PP" xtag="0.2"/>
            <EXAMPLES>
                <EXAMPLE>We focused on what to do.</EXAMPLE>
            </EXAMPLES>
            <SYNTAX>
                <NP value="Agent">
                    <SYNRESTRS/>
                </NP>
                <VERB/>
                <PREP value="on">
                    <SELRESTRS/>
                </PREP>
                <NP value="Topic">
                    <SYNRESTRS>
                        <SYNRESTR Value="+" type="what_inf"/>
                    </SYNRESTRS>
                </NP>
            </SYNTAX>
            <SEMANTICS>
                <PRED value="think">
                    <ARGS>
                        <ARG type="Event" value="during(E)"/>
                        <ARG type="ThemRole" value="Agent"/>
                        <ARG type="ThemRole" value="Topic"/>
                    </ARGS>
                </PRED>
                <PRED value="cause">
                    <ARGS>
                        <ARG type="Event" value="E"/>
                        <ARG type="ThemRole" value="Agent"/>
                    </ARGS>
                </PRED>
            </SEMANTICS>
        </FRAME>
    </FRAMES>
    <SUBCLASSES>
	<VNSUBCLASS ID="focus-87.1-1">
	    <MEMBERS>
		<MEMBER name="brood" wn="brood%2:31:00" grouping=""/>
		<MEMBER name="deliberate" wn="deliberate%2:32:01" grouping=""/>
		<MEMBER name="meditate" wn="meditate%2:31:00" grouping=""/>
		<MEMBER name="muse" wn="muse%2:31:00" grouping=""/>
		<MEMBER name="ponder" wn="ponder%2:31:00" grouping="ponder.01"/>
		<MEMBER name="reflect" wn="reflect%2:31:00" grouping="reflect.03"/>
		<MEMBER name="ruminate" wn="ruminate%2:31:00" grouping=""/>
		<MEMBER name="think" wn="think%2:31:13" grouping="think.02"/>
		<MEMBER name="wonder" wn="" grouping="wonder.01"/>
	    </MEMBERS>
            <THEMROLES/>
	    <FRAMES>
<FRAME>
		    <DESCRIPTION descriptionNumber="0.1" primary="NP V" secondary="Basic Intransitive" xtag="0.2"/>
		    <EXAMPLES>
		        <EXAMPLE>We brooded.</EXAMPLE>
		    </EXAMPLES>
		    <SYNTAX>
		        <NP value="Agent">
		            <SYNRESTRS/>
		        </NP>
		        <VERB/>
		    </SYNTAX>
		    <SEMANTICS>
		        <PRED value="think">
		            <ARGS>
		                <ARG type="Event" value="during(E)"/>
		                <ARG type="ThemRole" value="Agent"/>
		                <ARG type="ThemRole" value="?Topic"/>
		            </ARGS>
		        </PRED>
		        <PRED value="cause">
		            <ARGS>
		                <ARG type="Event" value="E"/>
		                <ARG type="ThemRole" value="Agent"/>
		            </ARGS>
		        </PRED>
		    </SEMANTICS>
		</FRAME>
		<FRAME>
		    <DESCRIPTION descriptionNumber="0.1" primary="NP V PP.topic" secondary="PP; about-PP" xtag="0.2"/>
		    <EXAMPLES>
		        <EXAMPLE>We brooded about it.</EXAMPLE>
		    </EXAMPLES>
		    <SYNTAX>
		        <NP value="Agent">
		            <SYNRESTRS/>
		        </NP>
		        <VERB/>
		        <PREP value="about">
		            <SELRESTRS/>
		        </PREP>
		        <NP value="Topic">
		            <SYNRESTRS>
		                <SYNRESTR Value="-" type="sentential"/>
		            </SYNRESTRS>
		        </NP>
		    </SYNTAX>
		    <SEMANTICS>
		        <PRED value="think">
		            <ARGS>
		                <ARG type="Event" value="during(E)"/>
		                <ARG type="ThemRole" value="Agent"/>
		                <ARG type="ThemRole" value="Topic"/>
		            </ARGS>
		        </PRED>
		        <PRED value="cause">
		            <ARGS>
		                <ARG type="Event" value="E"/>
		                <ARG type="ThemRole" value="Agent"/>
		            </ARGS>
		        </PRED>
		    </SEMANTICS>
		</FRAME>
		<FRAME>
		    <DESCRIPTION descriptionNumber="8.1" primary="NP V PP.theme S_ING" secondary="P-ING-SC; about-PP" xtag="0.2"/>
		    <EXAMPLES>
		        <EXAMPLE>We brooded about reading the book.</EXAMPLE>
		    </EXAMPLES>
		    <SYNTAX>
		        <NP value="Agent">
		            <SYNRESTRS/>
		        </NP>
		        <VERB/>
		        <PREP value="about">
		            <SELRESTRS/>
		        </PREP>
		        <NP value="Topic">
		            <SYNRESTRS>
		                <SYNRESTR Value="+" type="sc_ing"/>
		            </SYNRESTRS>
		        </NP>
		    </SYNTAX>
		    <SEMANTICS>
		        <PRED value="think">
		            <ARGS>
		                <ARG type="Event" value="during(E)"/>
		                <ARG type="ThemRole" value="Agent"/>
		                <ARG type="ThemRole" value="Topic"/>
		            </ARGS>
		        </PRED>
		        <PRED value="cause">
		            <ARGS>
		                <ARG type="Event" value="E"/>
		                <ARG type="ThemRole" value="Agent"/>
		            </ARGS>
		        </PRED>
		    </SEMANTICS>
		</FRAME>
		<FRAME>
		    <DESCRIPTION descriptionNumber="8.1" primary="NP V PP.topic what S" secondary="P-WHAT-S; about-PP" xtag="0.2"/>
		    <EXAMPLES>
		        <EXAMPLE>We brooded about what he wanted.</EXAMPLE>
		    </EXAMPLES>
		    <SYNTAX>
		        <NP value="Agent">
		            <SYNRESTRS/>
		        </NP>
		        <VERB/>
		        <PREP value="about">
		            <SELRESTRS/>
		        </PREP>
		        <NP value="Topic">
		            <SYNRESTRS>
		                <SYNRESTR Value="+" type="what_extract"/>
		            </SYNRESTRS>
		        </NP>
		    </SYNTAX>
		    <SEMANTICS>
		        <PRED value="think">
		            <ARGS>
		                <ARG type="Event" value="during(E)"/>
		                <ARG type="ThemRole" value="Agent"/>
		                <ARG type="ThemRole" value="Topic"/>
		            </ARGS>
		        </PRED>
		        <PRED value="cause">
		            <ARGS>
		                <ARG type="Event" value="E"/>
		                <ARG type="ThemRole" value="Agent"/>
		            </ARGS>
		        </PRED>
		    </SEMANTICS>
		</FRAME>
		<FRAME>
		    <DESCRIPTION descriptionNumber="8.1" primary="NP V PP.topic what S_INF" secondary="P-WHAT-TO-INF; about-PP" xtag="0.2"/>
		    <EXAMPLES>
		        <EXAMPLE>We brooded about what to do.</EXAMPLE>
		    </EXAMPLES>
		    <SYNTAX>
		        <NP value="Agent">
		            <SYNRESTRS/>
		        </NP>
		        <VERB/>
		        <PREP value="about">
		            <SELRESTRS/>
		        </PREP>
		        <NP value="Topic">
		            <SYNRESTRS>
		                <SYNRESTR Value="+" type="what_inf"/>
		            </SYNRESTRS>
		        </NP>
		    </SYNTAX>
		    <SEMANTICS>
		        <PRED value="think">
		            <ARGS>
		                <ARG type="Event" value="during(E)"/>
		                <ARG type="ThemRole" value="Agent"/>
		                <ARG type="ThemRole" value="Topic"/>
		            </ARGS>
		        </PRED>
		        <PRED value="cause">
		            <ARGS>
		                <ARG type="Event" value="E"/>
		                <ARG type="ThemRole" value="Agent"/>
		            </ARGS>
		        </PRED>
		    </SEMANTICS>
		</FRAME>
	    </FRAMES>
	    <SUBCLASSES/>
	</VNSUBCLASS>
    </SUBCLASSES>
</VNCLASS>