<!DOCTYPE VNCLASS SYSTEM "vn_class-3.dtd">
<VNCLASS xmlns:xsi="http://www.w3.org/2001/XMLSchema-instance" ID="grow-26.2.1" xsi:noNamespaceSchemaLocation="vn_schema-3.xsd">
    <MEMBERS>
        <MEMBER name="develop" wn="develop%2:30:00 develop%2:30:01 develop%2:36:09 develop%2:30:10" grouping="develop.01 develop.02"/>
        <MEMBER name="evolve" wn="evolve%2:30:00 evolve%2:30:03" grouping="evolve.01 evolve.02"/>
        <MEMBER name="generate" wn="generate%2:36:02 generate%2:36:01" grouping="generate.01"/>
        <MEMBER name="grow" wn="grow%2:30:02 grow%2:30:01 grow%2:30:04 grow%2:36:00 grow%2:30:10" grouping="grow.02 grow.03"/>
        <MEMBER name="hatch" wn="hatch%2:29:01 hatch%2:29:00" grouping="hatch.01 hatch.02"/>
        <MEMBER name="maturate" wn="maturate%2:30:00" grouping="maturate.01"/>
        <MEMBER name="mature" wn="mature%2:30:00 mature%2:30:01" grouping="mature.01"/>
        <MEMBER name="redevelop" wn="redevelop%2:39:00 redevelop%2:30:00" grouping=""/>
    </MEMBERS>
    <THEMROLES>
        <THEMROLE type="Agent">
            <SELRESTRS>
                <SELRESTR Value="+" type="animate"/>
            </SELRESTRS>
        </THEMROLE>
        <THEMROLE type="Patient">
            <SELRESTRS>
                <SELRESTR Value="+" type="concrete"/>
            </SELRESTRS>
        </THEMROLE>
        <THEMROLE type="Product">
            <SELRESTRS>
                <SELRESTR Value="+" type="concrete"/>
            </SELRESTRS>
        </THEMROLE>
    </THEMROLES>
    <FRAMES>
        <FRAME>
            <DESCRIPTION descriptionNumber="2.4.2" primary="NP.material V PP.product" secondary="Material/Product Alternation Intransitive; Material Subject" xtag=""/>
            <EXAMPLES>
                <EXAMPLE>That acorn will grow into an oak tree.</EXAMPLE>
            </EXAMPLES>
            <SYNTAX>
                <NP value="Patient">
                    <SYNRESTRS/>
                </NP>
                <VERB/>
                <PREP value="into">
                    <SELRESTRS/>
                </PREP>
                <NP value="Product">
                    <SYNRESTRS/>
                </NP>
            </SYNTAX>
            <SEMANTICS>
                <PRED value="path_rel">
                    <ARGS>
                        <ARG type="Event" value="start(E)"/>
                        <ARG type="ThemRole" value="?Initial_State"/>
                        <ARG type="ThemRole" value="Patient"/>
                        <ARG type="Constant" value="ch_of_state"/>
                        <ARG type="VerbSpecific" value="prep"/>
                    </ARGS>
                </PRED>
                <PRED value="path_rel">
                    <ARGS>
                        <ARG type="Event" value="result(E)"/>
                        <ARG type="ThemRole" value="Product"/>
                        <ARG type="ThemRole" value="Patient"/>
                        <ARG type="Constant" value="ch_of_state"/>
                        <ARG type="VerbSpecific" value="prep"/>
                    </ARGS>
                </PRED>
                <PRED bool="!" value="exist">
                    <ARGS>
                        <ARG type="Event" value="start(E)"/>
                        <ARG type="ThemRole" value="Product"/>
                    </ARGS>
                </PRED>
                <PRED value="exist">
                    <ARGS>
                        <ARG type="Event" value="result(E)"/>
                        <ARG type="ThemRole" value="Product"/>
                    </ARGS>
                </PRED>
            </SEMANTICS>
        </FRAME>
        <FRAME>
            <DESCRIPTION descriptionNumber="2.4.2" primary="NP.product V PP.material" secondary="Material/Product Alternation Intransitive; Product Subject" xtag=""/>
            <EXAMPLES>
                <EXAMPLE>An oak tree will grow from that acorn.</EXAMPLE>
            </EXAMPLES>
            <SYNTAX>
                <NP value="Product">
                    <SYNRESTRS/>
                </NP>
                <VERB/>
                <PREP value="from out_of">
                    <SELRESTRS/>
                </PREP>
                <NP value="Patient">
                    <SYNRESTRS/>
                </NP>
            </SYNTAX>
            <SEMANTICS>
                <PRED value="path_rel">
                    <ARGS>
                        <ARG type="Event" value="start(E)"/>
                        <ARG type="ThemRole" value="?Initial_State"/>
                        <ARG type="ThemRole" value="Patient"/>
                        <ARG type="Constant" value="ch_of_state"/>
                        <ARG type="VerbSpecific" value="prep"/>
                    </ARGS>
                </PRED>
                <PRED value="path_rel">
                    <ARGS>
                        <ARG type="Event" value="result(E)"/>
                        <ARG type="ThemRole" value="Product"/>
                        <ARG type="ThemRole" value="Patient"/>
                        <ARG type="Constant" value="ch_of_state"/>
                        <ARG type="VerbSpecific" value="prep"/>
                    </ARGS>
                </PRED>
                <PRED bool="!" value="exist">
                    <ARGS>
                        <ARG type="Event" value="start(E)"/>
                        <ARG type="ThemRole" value="Product"/>
                    </ARGS>
                </PRED>
                <PRED value="exist">
                    <ARGS>
                        <ARG type="Event" value="result(E)"/>
                        <ARG type="ThemRole" value="Product"/>
                    </ARGS>
                </PRED>
            </SEMANTICS>
        </FRAME>
        <FRAME>
            <DESCRIPTION descriptionNumber="1.1.2.1" primary="NP V NP.product PP.material" secondary="NP-PP; Causative variant, Material-PP" xtag=""/>
            <EXAMPLES>
                <EXAMPLE>The gardener grew an oak tree from that acorn.</EXAMPLE>
            </EXAMPLES>
            <SYNTAX>
                <NP value="Agent">
                    <SYNRESTRS/>
                </NP>
                <VERB/>
                <NP value="Product">
                    <SYNRESTRS/>
                </NP>
                <PREP value="from out_of">
                    <SELRESTRS/>
                </PREP>
                <NP value="Patient">
                    <SYNRESTRS/>
                </NP>
            </SYNTAX>
            <SEMANTICS>
                <PRED value="path_rel">
                    <ARGS>
                        <ARG type="Event" value="start(E)"/>
                        <ARG type="ThemRole" value="?Initial_State"/>
                        <ARG type="ThemRole" value="Patient"/>
                        <ARG type="Constant" value="ch_of_state"/>
                        <ARG type="VerbSpecific" value="prep"/>
                    </ARGS>
                </PRED>
                <PRED value="path_rel">
                    <ARGS>
                        <ARG type="Event" value="result(E)"/>
                        <ARG type="ThemRole" value="Product"/>
                        <ARG type="ThemRole" value="Patient"/>
                        <ARG type="Constant" value="ch_of_state"/>
                        <ARG type="VerbSpecific" value="prep"/>
                    </ARGS>
                </PRED>
                <PRED bool="!" value="exist">
                    <ARGS>
                        <ARG type="Event" value="start(E)"/>
                        <ARG type="ThemRole" value="Product"/>
                    </ARGS>
                </PRED>
                <PRED value="exist">
                    <ARGS>
                        <ARG type="Event" value="result(E)"/>
                        <ARG type="ThemRole" value="Product"/>
                    </ARGS>
                </PRED>
                <PRED value="cause">
                    <ARGS>
                        <ARG type="ThemRole" value="Agent"/>
                        <ARG type="Event" value="E"/>
                    </ARGS>
                </PRED>
            </SEMANTICS>
        </FRAME>
        <FRAME>
            <DESCRIPTION descriptionNumber="1.1.2.1" primary="NP V NP.material PP.product" secondary="NP-PP; Causative variant, Product-PP" xtag=""/>
            <EXAMPLES>
                <EXAMPLE>The gardener grew that acorn into an oak tree.</EXAMPLE>
            </EXAMPLES>
            <SYNTAX>
                <NP value="Agent">
                    <SYNRESTRS/>
                </NP>
                <VERB/>
                <NP value="Patient">
                    <SYNRESTRS/>
                </NP>
                <PREP value="into">
                    <SELRESTRS/>
                </PREP>
                <NP value="Product">
                    <SYNRESTRS/>
                </NP>
            </SYNTAX>
            <SEMANTICS>
                <PRED value="path_rel">
                    <ARGS>
                        <ARG type="Event" value="start(E)"/>
                        <ARG type="ThemRole" value="?Initial_State"/>
                        <ARG type="ThemRole" value="Patient"/>
                        <ARG type="Constant" value="ch_of_state"/>
                        <ARG type="VerbSpecific" value="prep"/>
                    </ARGS>
                </PRED>
                <PRED value="path_rel">
                    <ARGS>
                        <ARG type="Event" value="result(E)"/>
                        <ARG type="ThemRole" value="Product"/>
                        <ARG type="ThemRole" value="Patient"/>
                        <ARG type="Constant" value="ch_of_state"/>
                        <ARG type="VerbSpecific" value="prep"/>
                    </ARGS>
                </PRED>
                <PRED bool="!" value="exist">
                    <ARGS>
                        <ARG type="Event" value="start(E)"/>
                        <ARG type="ThemRole" value="Product"/>
                    </ARGS>
                </PRED>
                <PRED value="exist">
                    <ARGS>
                        <ARG type="Event" value="result(E)"/>
                        <ARG type="ThemRole" value="Product"/>
                    </ARGS>
                </PRED>
                <PRED value="cause">
                    <ARGS>
                        <ARG type="ThemRole" value="Agent"/>
                        <ARG type="Event" value="E"/>
                    </ARGS>
                </PRED>
            </SEMANTICS>
        </FRAME>
    </FRAMES>
    <SUBCLASSES/>
</VNCLASS>