<!DOCTYPE VNCLASS SYSTEM "vn_class-3.dtd">
<VNCLASS xmlns:xsi="http://www.w3.org/2001/XMLSchema-instance" ID="initiate_communication-37.4.2" xsi:noNamespaceSchemaLocation="vn_schema-3.xsd">
    <MEMBERS>
        <MEMBER name="buzz" wn="buzz%2:32:00" grouping="buzz.03"/>
        <MEMBER name="get" wn="get%2:32:03" grouping="get.06"/>
        <MEMBER name="get_ahold_of" wn="get%2:32:03" grouping="get.06"/>
        <MEMBER name="get_hold_of" wn="get%2:32:03" grouping="get.06"/>
        <MEMBER name="ping" wn="ping%2:32:01" grouping="ping.03"/> 
        <MEMBER name="reach" wn="reach%2:32:00" grouping="reach.02"/>
    </MEMBERS>
    <THEMROLES>
        <THEMROLE type="Agent">
            <SELRESTRS logic="or">
                <SELRESTR Value="+" type="animate"/>
                <SELRESTR Value="+" type="organization"/>
            </SELRESTRS>
        </THEMROLE>
        <THEMROLE type="Recipient">
            <SELRESTRS logic="or">
                <SELRESTR Value="+" type="animate"/>
                <SELRESTR Value="+" type="organization"/>
            </SELRESTRS>
        </THEMROLE>
    </THEMROLES>
    <FRAMES>
        <FRAME>
            <DESCRIPTION descriptionNumber="0.2" primary="NP V NP.recipient" secondary="Basic Transitive; Recipient Object" xtag="0.2"/>
            
            <EXAMPLES>
                <EXAMPLE>Heather pinged me.</EXAMPLE>
            </EXAMPLES>
            <SYNTAX>
                <NP value="Agent">
                    <SYNRESTRS/>
                </NP>
                <VERB/>
                <NP value="Recipient">
                    <SYNRESTRS/>
                </NP>
            </SYNTAX>
            <SEMANTICS>
                <PRED value="path_rel">
                    <ARGS>
                        <ARG type="Event" value="start(E)"/>
                        <ARG type="ThemRole" value="Source"/>
                        <ARG type="ThemRole" value="?Topic"/>
                        <ARG type="Constant" value="tr_of_info"/>
                        <ARG type="VerbSpecific" value="prep"/>
                    </ARGS>
                </PRED>
                <PRED value="path_rel">
                    <ARGS>
                        <ARG type="Event" value="end(E)"/>
                        <ARG type="ThemRole" value="Recipient"/>
                        <ARG type="ThemRole" value="?Topic"/>
                        <ARG type="Constant" value="tr_of_info"/>
                        <ARG type="VerbSpecific" value="prep"/>
                    </ARGS>
                </PRED>
                <PRED value="transfer">
                    <ARGS>
                        <ARG type="Event" value="during(E)"/>
                        <ARG type="ThemRole" value="Agent"/>
                        <ARG type="ThemRole" value="Recipient"/>
                        <ARG type="ThemRole" value="?Topic"/>
                    </ARGS>
                </PRED>
                <PRED value="equals">
                    <ARGS>
                        <ARG type="ThemRole" value="Agent"/>
                        <ARG type="ThemRole" value="Source"/>
                    </ARGS>
                </PRED>
                <PRED value="cause">
                    <ARGS>
                        <ARG type="ThemRole" value="Agent"/>
                        <ARG type="Event" value="E"/>
                    </ARGS>
                </PRED>
            </SEMANTICS>
        </FRAME>
    </FRAMES>
    <SUBCLASSES>
        <VNSUBCLASS ID="initiate_communication-37.4.2-1">
            <MEMBERS>
               <MEMBER name="call" wn="" grouping="call.04"/>
               <MEMBER name="phone" wn="" grouping=""/>
               <MEMBER name="ring" wn="" grouping="ring.04"/>
               <MEMBER name="telephone" wn="" grouping=""/>
            </MEMBERS>
            <THEMROLES/>
            <FRAMES>
                <FRAME>
                    <DESCRIPTION descriptionNumber="0.2" primary="NP V" secondary="Basic Intransitive" xtag="0.2"/>
                    <EXAMPLES>
                        <EXAMPLE>Your lawyer called.</EXAMPLE>
                    </EXAMPLES>
                    <SYNTAX>
                        <NP value="Agent">
                            <SYNRESTRS/>
                        </NP>
                        <VERB/>
                    </SYNTAX>
                    <SEMANTICS>
                        <PRED value="path_rel">
                            <ARGS>
                                <ARG type="Event" value="start(E)"/>
                                <ARG type="ThemRole" value="Source"/>
                                <ARG type="ThemRole" value="?Topic"/>
                                <ARG type="Constant" value="tr_of_info"/>
                                <ARG type="VerbSpecific" value="prep"/>
                            </ARGS>
                        </PRED>
                        <PRED value="path_rel">
                            <ARGS>
                                <ARG type="Event" value="end(E)"/>
                                <ARG type="ThemRole" value="?Recipient"/>
                                <ARG type="ThemRole" value="?Topic"/>
                                <ARG type="Constant" value="tr_of_info"/>
                                <ARG type="VerbSpecific" value="prep"/>
                            </ARGS>
                        </PRED>
                        <PRED value="transfer">
                            <ARGS>
                                <ARG type="Event" value="during(E)"/>
                                <ARG type="ThemRole" value="Agent"/>
                                <ARG type="ThemRole" value="?Recipient"/>
                                <ARG type="ThemRole" value="?Topic"/>
                            </ARGS>
                        </PRED>
                        <PRED value="equals">
                            <ARGS>
                                <ARG type="ThemRole" value="Agent"/>
                                <ARG type="ThemRole" value="Source"/>
                            </ARGS>
                        </PRED>
                        <PRED value="cause">
                            <ARGS>
                                <ARG type="ThemRole" value="Agent"/>
                                <ARG type="Event" value="E"/>
                            </ARGS>
                        </PRED>
                    </SEMANTICS>
                </FRAME>
            </FRAMES>
            <SUBCLASSES/>
        </VNSUBCLASS>   
    </SUBCLASSES>
</VNCLASS>