<!DOCTYPE VNCLASS SYSTEM "vn_class-3.dtd">
<VNCLASS xmlns:xsi="http://www.w3.org/2001/XMLSchema-instance" ID="interrogate-37.1.3" xsi:noNamespaceSchemaLocation="vn_schema-3.xsd">
    <MEMBERS>
        <MEMBER name="cross-examine" wn="cross_examine%2:32:00" grouping=""/>
        <MEMBER name="question" wn="question%2:32:03 question%2:32:00" grouping="question.01"/>
        <MEMBER name="interview" wn="interview%2:32:00" grouping="interview.01"/>
        <MEMBER name="interrogate" wn="interrogate%2:32:00" grouping=""/>
    </MEMBERS>
    <THEMROLES>
        <THEMROLE type="Agent">
            <SELRESTRS logic="or">
                <SELRESTR Value="+" type="animate"/>
                <SELRESTR Value="+" type="organization"/>
            </SELRESTRS>
        </THEMROLE>
        <THEMROLE type="Recipient">
            <SELRESTRS logic="or">
                <SELRESTR Value="+" type="animate"/>
                <SELRESTR Value="+" type="organization"/>
            </SELRESTRS>
        </THEMROLE>
        <THEMROLE type="Topic">
            <SELRESTRS/>
        </THEMROLE>
        <THEMROLE type="Attribute">
            <SELRESTRS/>
        </THEMROLE>
    </THEMROLES>
    <FRAMES>
        <FRAME>
            <DESCRIPTION descriptionNumber="0.2" primary="NP V NP" secondary="NP" xtag="0.2"/>
            <EXAMPLES>
                <EXAMPLE>I interrogated him.</EXAMPLE>
            </EXAMPLES>
            <SYNTAX>
                <NP value="Agent">
                    <SYNRESTRS/>
                </NP>
                <VERB/>
                <NP value="Recipient">
                    <SYNRESTRS/>
                </NP>
            </SYNTAX>
            <SEMANTICS>
                <PRED value="path_rel">
                    <ARGS>
                        <ARG type="Event" value="start(E)"/>
                        <ARG type="ThemRole" value="Source"/>
                        <ARG type="ThemRole" value="?Topic"/>
                        <ARG type="Constant" value="tr_of_info"/>
                        <ARG type="VerbSpecific" value="prep"/>
                    </ARGS>
                </PRED>
                <PRED value="path_rel">
                    <ARGS>
                        <ARG type="Event" value="end(E)"/>
                        <ARG type="ThemRole" value="Goal"/>
                        <ARG type="ThemRole" value="?Topic"/>
                        <ARG type="Constant" value="tr_of_info"/>
                        <ARG type="VerbSpecific" value="prep"/>
                    </ARGS> 
                </PRED>
                <PRED value="transfer">
                    <ARGS>
                        <ARG type="Event" value="during(E)"/>
                        <ARG type="ThemRole" value="Agent"/>
                        <ARG type="ThemRole" value="Recipient"/>
                        <ARG type="ThemRole" value="?Topic"/>
                    </ARGS>
                </PRED>
                <PRED value="equals">
                    <ARGS>
                        <ARG type="ThemRole" value="Recipient"/>
                        <ARG type="ThemRole" value="Source"/>
                    </ARGS>
                </PRED> 
                <PRED value="equals">
                    <ARGS>
                        <ARG type="ThemRole" value="Agent"/>
                        <ARG type="ThemRole" value="Goal"/>
                    </ARGS>
                </PRED>   
                <PRED value="cause">
                    <ARGS>
                        <ARG type="ThemRole" value="Agent"/>
                        <ARG type="Event" value="E"/>
                    </ARGS>
                </PRED>
            </SEMANTICS>
        </FRAME>
        <FRAME>
            <DESCRIPTION descriptionNumber="8.1" primary="NP V NP PP.attribute" secondary="NP-PP; as-PP" xtag="0.2"/>
            <EXAMPLES>
                <EXAMPLE>I interrogated him as a suspect.</EXAMPLE>
            </EXAMPLES>
            <SYNTAX>
                <NP value="Agent">
                    <SYNRESTRS/>
                </NP>
                <VERB/>
                <NP value="Recipient">
                    <SYNRESTRS/>
                </NP>
		<PREP value="as">
		    <SELRESTRS/>
		</PREP>
                <NP value="Attribute">
                    <SYNRESTRS>
			<SYNRESTR Value="-" type="sentential"/>
		    </SYNRESTRS>
                </NP>
            </SYNTAX>
            <SEMANTICS>
                <PRED value="path_rel">
                    <ARGS>
                        <ARG type="Event" value="start(E)"/>
                        <ARG type="ThemRole" value="Source"/>
                        <ARG type="ThemRole" value="?Topic"/>
                        <ARG type="Constant" value="tr_of_info"/>
                        <ARG type="VerbSpecific" value="prep"/> 
                    </ARGS>
                </PRED>
                <PRED value="path_rel">
                    <ARGS>
                        <ARG type="Event" value="end(E)"/>
                        <ARG type="ThemRole" value="Goal"/>
                        <ARG type="ThemRole" value="?Topic"/>
                        <ARG type="Constant" value="tr_of_info"/>
                        <ARG type="VerbSpecific" value="prep"/>
                    </ARGS> 
                </PRED> 
                <PRED value="transfer">
                    <ARGS>
                        <ARG type="Event" value="during(E)"/>
                        <ARG type="ThemRole" value="Agent"/>
                        <ARG type="ThemRole" value="Recipient"/>
                        <ARG type="ThemRole" value="?Topic"/>
                        <ARG type="ThemRole" value="Attribute"/>
                    </ARGS>
                </PRED>
                <PRED value="equals">
                    <ARGS>
                        <ARG type="ThemRole" value="Recipient"/>
                        <ARG type="ThemRole" value="Source"/>
                    </ARGS>
                </PRED>
                <PRED value="equals">
                    <ARGS>
                        <ARG type="ThemRole" value="Agent"/>
                        <ARG type="ThemRole" value="Goal"/>
                    </ARGS>  
                </PRED>  
                <PRED value="cause">
                    <ARGS>
                        <ARG type="ThemRole" value="Agent"/>
                        <ARG type="Event" value="E"/>
                    </ARGS>
                </PRED>
            </SEMANTICS>
        </FRAME>
        <FRAME>
            <DESCRIPTION descriptionNumber="8.1" primary="NP V NP PP.topic" secondary="NP-PP; about-PP" xtag="0.2"/>
            <EXAMPLES>
                <EXAMPLE>I interrogated him about the incident.</EXAMPLE>
            </EXAMPLES>
            <SYNTAX>
                <NP value="Agent">
                    <SYNRESTRS/>
                </NP>
                <VERB/>
                <NP value="Recipient">
                    <SYNRESTRS/>
                </NP>
                <PREP value="about">
                    <SELRESTRS/>
                </PREP>
                <NP value="Topic">
                    <SYNRESTRS>
                        <SYNRESTR Value="-" type="sentential"/>
                    </SYNRESTRS>
                </NP>
            </SYNTAX>
            <SEMANTICS>
                <PRED value="path_rel">
                    <ARGS>
                        <ARG type="Event" value="start(E)"/>
                        <ARG type="ThemRole" value="Source"/>
                        <ARG type="ThemRole" value="Topic"/>
                        <ARG type="Constant" value="tr_of_info"/>
                        <ARG type="VerbSpecific" value="prep"/>
                    </ARGS>
                </PRED>
                <PRED value="path_rel">
                    <ARGS>
                        <ARG type="Event" value="end(E)"/>
                        <ARG type="ThemRole" value="Goal"/>
                        <ARG type="ThemRole" value="Topic"/>
                        <ARG type="Constant" value="tr_of_info"/>
                        <ARG type="VerbSpecific" value="prep"/> 
                    </ARGS>
                </PRED>
                <PRED value="transfer">
                    <ARGS>
                        <ARG type="Event" value="during(E)"/>
                        <ARG type="ThemRole" value="Agent"/>
                        <ARG type="ThemRole" value="Recipient"/>
                        <ARG type="ThemRole" value="Topic"/>
                    </ARGS>
                </PRED>
                <PRED value="equals">
                    <ARGS>
                        <ARG type="ThemRole" value="Recipient"/>
                        <ARG type="ThemRole" value="Source"/>
                    </ARGS>
                </PRED>
                <PRED value="equals">
                    <ARGS>
                        <ARG type="ThemRole" value="Agent"/>
                        <ARG type="ThemRole" value="Goal"/>
                    </ARGS> 
                </PRED>
                <PRED value="cause">
                    <ARGS>
                        <ARG type="ThemRole" value="Agent"/>
                        <ARG type="Event" value="E"/>
                    </ARGS>
                </PRED>
            </SEMANTICS>
        </FRAME>
    </FRAMES>
    <SUBCLASSES/>
</VNCLASS>