<!DOCTYPE VNCLASS SYSTEM "vn_class-3.dtd">
<VNCLASS xmlns:xsi="http://www.w3.org/2001/XMLSchema-instance" ID="learn-14" xsi:noNamespaceSchemaLocation="vn_schema-3.xsd">
    <MEMBERS/>
    <THEMROLES>
        <THEMROLE type="Agent">
            <SELRESTRS>
                <SELRESTR Value="+" type="animate"/>
            </SELRESTRS>
        </THEMROLE>
        <THEMROLE type="Topic">
            <SELRESTRS/>
        </THEMROLE>
        <THEMROLE type="Source">
            <SELRESTRS/>
        </THEMROLE>
    </THEMROLES>
    <FRAMES>
        <FRAME>
            <DESCRIPTION descriptionNumber="0.2" primary="NP V NP PP.source" secondary="NP-PP; Source-PP" xtag=""/>
            <EXAMPLES>
                <EXAMPLE>Rhoda learned French from an old book.</EXAMPLE>
            </EXAMPLES>
            <SYNTAX>
                <NP value="Agent">
                    <SYNRESTRS/>
                </NP>
                <VERB/>
                <NP value="Topic">
                    <SYNRESTRS/>
                </NP>
                <PREP value="from">
                    <SELRESTRS/>
                </PREP>
                <NP value="Source">
                    <SYNRESTRS/>
                </NP>
            </SYNTAX>
            <SEMANTICS>
                <PRED value="path_rel">
                    <ARGS>
                        <ARG type="Event" value="start(E)"/>
                        <ARG type="ThemRole" value="Source"/>
                        <ARG type="ThemRole" value="Topic"/>
                        <ARG type="Constant" value="tr_of_info"/>
                        <ARG type="VerbSpecific" value="prep"/>
                    </ARGS>
                </PRED>
                <PRED value="path_rel">
                    <ARGS>
                        <ARG type="Event" value="end(E)"/>
                        <ARG type="ThemRole" value="Goal"/>
                        <ARG type="ThemRole" value="Topic"/>
                        <ARG type="Constant" value="tr_of_info"/>
                        <ARG type="VerbSpecific" value="prep"/>
                    </ARGS>
                </PRED>
                <PRED value="transfer">
                    <ARGS>
                        <ARG type="Event" value="during(E)"/>
                        <ARG type="ThemRole" value="Goal"/>
                        <ARG type="ThemRole" value="Recipient"/>
                        <ARG type="ThemRole" value="Topic"/>
                    </ARGS>
                </PRED>
                <PRED value="equals">
                    <ARGS>
                        <ARG type="ThemRole" value="Agent"/>
                        <ARG type="ThemRole" value="Goal"/>
                    </ARGS>
                </PRED>
                <PRED value="cause">
                    <ARGS>
                        <ARG type="ThemRole" value="Agent"/>
                        <ARG type="Event" value="E"/>
                    </ARGS>
                </PRED>
            </SEMANTICS>
        </FRAME>
        <FRAME>
            <DESCRIPTION descriptionNumber="0.1" primary="NP V PP.source" secondary="PP; Source-PP" xtag=""/>
            <EXAMPLES>
                <EXAMPLE>Rhoda learned from an old book.</EXAMPLE>
            </EXAMPLES>
            <SYNTAX>
                <NP value="Agent">
                    <SYNRESTRS/>
                </NP>
                <VERB/>
                <PREP value="from">
                    <SELRESTRS/>
                </PREP>
                <NP value="Source">
                    <SYNRESTRS/>
                </NP>
            </SYNTAX>
            <SEMANTICS>
                <PRED value="path_rel">
                    <ARGS>
                        <ARG type="Event" value="start(E)"/>
                        <ARG type="ThemRole" value="Source"/>
                        <ARG type="ThemRole" value="?Topic"/>
                        <ARG type="Constant" value="tr_of_info"/>
                        <ARG type="VerbSpecific" value="prep"/>
                    </ARGS>
                </PRED>
                <PRED value="path_rel">
                    <ARGS>
                        <ARG type="Event" value="end(E)"/>
                        <ARG type="ThemRole" value="Goal"/>
                        <ARG type="ThemRole" value="?Topic"/>
                        <ARG type="Constant" value="tr_of_info"/>
                        <ARG type="VerbSpecific" value="prep"/>
                    </ARGS>
                </PRED>
                <PRED value="transfer">
                    <ARGS>
                        <ARG type="Event" value="during(E)"/>
                        <ARG type="ThemRole" value="Goal"/>
                        <ARG type="ThemRole" value="Recipient"/>
                        <ARG type="ThemRole" value="?Topic"/>
                    </ARGS>
                </PRED>
                <PRED value="equals">
                    <ARGS>
                        <ARG type="ThemRole" value="Agent"/>
                        <ARG type="ThemRole" value="Goal"/>
                    </ARGS>
                </PRED>
                <PRED value="cause">
                    <ARGS>
                        <ARG type="ThemRole" value="Agent"/>
                        <ARG type="Event" value="E"/>
                    </ARGS>
                </PRED>
            </SEMANTICS>
        </FRAME>
        <FRAME>
            <DESCRIPTION descriptionNumber="" primary="NP V NP" secondary="Basic Transitive" xtag=""/>
            <EXAMPLES>
                <EXAMPLE>Kissinger learned his lesson.</EXAMPLE>
            </EXAMPLES>
            <SYNTAX>
                <NP value="Agent">
                    <SYNRESTRS/>
                </NP>
                <VERB/>
                <NP value="Topic">
                    <SYNRESTRS/>
                </NP>
            </SYNTAX>
            <SEMANTICS>
                <PRED value="path_rel">
                    <ARGS>
                        <ARG type="Event" value="start(E)"/>
                        <ARG type="ThemRole" value="?Source"/>
                        <ARG type="ThemRole" value="Topic"/>
                        <ARG type="Constant" value="tr_of_info"/>
                        <ARG type="VerbSpecific" value="prep"/>
                    </ARGS>
                </PRED>
                <PRED value="path_rel">
                    <ARGS>
                        <ARG type="Event" value="end(E)"/>
                        <ARG type="ThemRole" value="Goal"/>
                        <ARG type="ThemRole" value="Topic"/>
                        <ARG type="Constant" value="tr_of_info"/>
                        <ARG type="VerbSpecific" value="prep"/>
                    </ARGS>
                </PRED>
                <PRED value="transfer">
                    <ARGS>
                        <ARG type="Event" value="during(E)"/>
                        <ARG type="ThemRole" value="Goal"/>
                        <ARG type="ThemRole" value="Recipient"/>
                        <ARG type="ThemRole" value="Topic"/>
                    </ARGS>
                </PRED>
                <PRED value="equals">
                    <ARGS>
                        <ARG type="ThemRole" value="Agent"/>
                        <ARG type="ThemRole" value="Goal"/>
                    </ARGS>
                </PRED>
            </SEMANTICS>
        </FRAME>
    </FRAMES>
    <SUBCLASSES>
        <VNSUBCLASS ID="learn-14-1">
            <MEMBERS>
                <MEMBER name="cram" wn="cram%2:31:00 cram%2:30:00" grouping="cram.02"/>
                <MEMBER name="read" wn="read%2:31:00 read%2:31:04" grouping="read.01"/>
                <MEMBER name="relearn" wn="relearn%2:31:00" grouping=""/>
                <MEMBER name="study" wn="study%2:31:02 study%2:31:00 study%2:31:01" grouping="study.01 study.02"/>
                <MEMBER name="learn" wn="learn%2:31:00 learn%2:31:01 learn%2:31:03" grouping="learn.01 learn.02"/>
            </MEMBERS>
            <THEMROLES/>
            <FRAMES>
                <FRAME>
                    <DESCRIPTION descriptionNumber="" primary="NP V" secondary="Basic Intransitive" xtag=""/>
                    <EXAMPLES>
                        <EXAMPLE>She studied.</EXAMPLE>
                    </EXAMPLES>
                    <SYNTAX>
                        <NP value="Agent">
                            <SYNRESTRS/>
                        </NP>
                        <VERB/>
                    </SYNTAX>
                    <SEMANTICS>
                        <PRED value="path_rel">
                            <ARGS>
                                <ARG type="Event" value="start(E)"/>
                                <ARG type="ThemRole" value="?Source"/>
                                <ARG type="ThemRole" value="?Topic"/>
                                <ARG type="Constant" value="tr_of_info"/>
                                <ARG type="VerbSpecific" value="prep"/>
                            </ARGS>
                        </PRED>
                        <PRED value="path_rel">
                            <ARGS>
                                <ARG type="Event" value="end(E)"/>
                                <ARG type="ThemRole" value="Goal"/>
                                <ARG type="ThemRole" value="?Topic"/>
                                <ARG type="Constant" value="tr_of_info"/>
                                <ARG type="VerbSpecific" value="prep"/>
                            </ARGS>
                        </PRED>
                        <PRED value="transfer">
                            <ARGS>
                                <ARG type="Event" value="during(E)"/>
                                <ARG type="ThemRole" value="Goal"/>
                                <ARG type="ThemRole" value="Recipient"/>
                                <ARG type="ThemRole" value="?Topic"/>
                            </ARGS>
                        </PRED>
                        <PRED value="equals">
                            <ARGS>
                                <ARG type="ThemRole" value="Agent"/>
                                <ARG type="ThemRole" value="Goal"/>
                            </ARGS>
                        </PRED>
                    </SEMANTICS>
                </FRAME>
            </FRAMES>
            <SUBCLASSES/>
        </VNSUBCLASS>
        <VNSUBCLASS ID="learn-14-2">
            <MEMBERS>
                <MEMBER name="absorb" wn="" grouping="absorb.02"/>
                <MEMBER name="assimilate" wn="assimilate%2:31:00" grouping="assimilate.02"/>  
                <MEMBER name="glean" wn="" grouping=""/>
                <MEMBER name="memorize" wn="memorize%2:31:00" grouping=""/>
            </MEMBERS>
            <THEMROLES/>
            <FRAMES>
                <FRAME>
                    <DESCRIPTION descriptionNumber="" primary="NP V that S" secondary="S" xtag=""/>
                    <EXAMPLES>
                        <EXAMPLE>The defense also learned that college-educated people were uncharacteristically conservative.</EXAMPLE>
                    </EXAMPLES>
                    <SYNTAX>
                        <NP value="Agent">
                            <SYNRESTRS/>
                        </NP>
                        <VERB/>
                        <NP value="Topic">
                            <SYNRESTRS>
                                <SYNRESTR Value="+" type="that_comp"/>
                            </SYNRESTRS>
                        </NP>
                    </SYNTAX>
                    <SEMANTICS>
                        <PRED value="path_rel">
                            <ARGS>
                                <ARG type="Event" value="start(E)"/>
                                <ARG type="ThemRole" value="?Source"/>
                                <ARG type="ThemRole" value="Topic"/>
                                <ARG type="Constant" value="tr_of_info"/>
                                <ARG type="VerbSpecific" value="prep"/>
                            </ARGS>
                        </PRED>
                        <PRED value="path_rel">
                            <ARGS>
                                <ARG type="Event" value="end(E)"/>
                                <ARG type="ThemRole" value="Goal"/>
                                <ARG type="ThemRole" value="Topic"/>
                                <ARG type="Constant" value="tr_of_info"/>
                                <ARG type="VerbSpecific" value="prep"/>
                            </ARGS>
                        </PRED>
                        <PRED value="transfer">
                            <ARGS>
                                <ARG type="Event" value="during(E)"/>
                                <ARG type="ThemRole" value="Goal"/>
                                <ARG type="ThemRole" value="Recipient"/>
                                <ARG type="ThemRole" value="Topic"/>
                            </ARGS>
                        </PRED>
                        <PRED value="equals">
                            <ARGS>
                                <ARG type="ThemRole" value="Agent"/>
                                <ARG type="ThemRole" value="Goal"/>
                            </ARGS>
                        </PRED>
                    </SEMANTICS>
                </FRAME>
                <FRAME>
                    <DESCRIPTION descriptionNumber="" primary="NP V what S" secondary="S" xtag=""/>
                    <EXAMPLES>
                        <EXAMPLE>I read what you wrote.</EXAMPLE>
                    </EXAMPLES>
                    <SYNTAX>
                        <NP value="Agent">
                            <SYNRESTRS/>
                        </NP>
                        <VERB/>
                        <NP value="Topic">
                            <SYNRESTRS>
                                <SYNRESTR Value="+" type="wh_comp"/>
                            </SYNRESTRS>
                        </NP>
                    </SYNTAX>
                    <SEMANTICS>
                        <PRED value="path_rel">
                            <ARGS>
                                <ARG type="Event" value="start(E)"/>
                                <ARG type="ThemRole" value="?Source"/>
                                <ARG type="ThemRole" value="Topic"/>
                                <ARG type="Constant" value="tr_of_info"/>
                                <ARG type="VerbSpecific" value="prep"/>
                            </ARGS>
                        </PRED>
                        <PRED value="path_rel">
                            <ARGS>
                                <ARG type="Event" value="end(E)"/>
                                <ARG type="ThemRole" value="Goal"/>
                                <ARG type="ThemRole" value="Topic"/>
                                <ARG type="Constant" value="tr_of_info"/>
                                <ARG type="VerbSpecific" value="prep"/>
                            </ARGS>
                        </PRED>
                        <PRED value="transfer">
                            <ARGS>
                                <ARG type="Event" value="during(E)"/>
                                <ARG type="ThemRole" value="Goal"/>
                                <ARG type="ThemRole" value="Recipient"/>
                                <ARG type="ThemRole" value="Topic"/>
                            </ARGS>
                        </PRED>
                        <PRED value="equals">
                            <ARGS>
                                <ARG type="ThemRole" value="Agent"/>
                                <ARG type="ThemRole" value="Goal"/>
                            </ARGS>
                        </PRED>
                    </SEMANTICS>
                </FRAME>
                <FRAME>
                    <DESCRIPTION descriptionNumber="" primary="NP V PP.source how S" secondary="S" xtag=""/>
                    <EXAMPLES>
                        <EXAMPLE>I gleaned from the evidence how she did it.</EXAMPLE>
                    </EXAMPLES>
                    <SYNTAX>
                        <NP value="Agent">
                            <SYNRESTRS/>
                        </NP>
                        <VERB/>
                        <PREP value="from">
                            <SELRESTRS/>
                        </PREP> 
                        <NP value="Source">
                            <SYNRESTRS/>
                        </NP>
                        <NP value="Topic">
                            <SYNRESTRS>
                                <SYNRESTR Value="+" type="wh_extract"/>
                            </SYNRESTRS>
                        </NP>
                    </SYNTAX>
                    <SEMANTICS>
                        <PRED value="path_rel">
                            <ARGS>
                                <ARG type="Event" value="start(E)"/>
                                <ARG type="ThemRole" value="Source"/>
                                <ARG type="ThemRole" value="Topic"/>
                                <ARG type="Constant" value="tr_of_info"/>
                                <ARG type="VerbSpecific" value="prep"/>
                            </ARGS>
                        </PRED>
                        <PRED value="path_rel">
                            <ARGS>
                                <ARG type="Event" value="end(E)"/>
                                <ARG type="ThemRole" value="Goal"/>
                                <ARG type="ThemRole" value="Topic"/>
                                <ARG type="Constant" value="tr_of_info"/>
                                <ARG type="VerbSpecific" value="prep"/>
                            </ARGS>
                        </PRED>
                        <PRED value="transfer">
                            <ARGS>
                                <ARG type="Event" value="during(E)"/>
                                <ARG type="ThemRole" value="Goal"/>
                                <ARG type="ThemRole" value="Recipient"/>
                                <ARG type="ThemRole" value="Topic"/>
                            </ARGS>
                        </PRED>
                        <PRED value="equals">
                            <ARGS>
                                <ARG type="ThemRole" value="Agent"/>
                                <ARG type="ThemRole" value="Goal"/>
                            </ARGS>
                        </PRED>
                    </SEMANTICS>
                </FRAME>
                <FRAME>
                    <DESCRIPTION descriptionNumber="" primary="NP V PP.source wh-S_INF" secondary="S" xtag=""/>
                    <EXAMPLES>
                        <EXAMPLE>I absorbed from the manual what to do.</EXAMPLE>
                    </EXAMPLES>
                    <SYNTAX>
                        <NP value="Agent">
                            <SYNRESTRS/>
                        </NP>
                        <VERB/>
                        <PREP value="from">
                            <SELRESTRS/>
                        </PREP>
                        <NP value="Source">
                            <SYNRESTRS/>
                        </NP>
                        <NP value="Topic">
                            <SYNRESTRS>
                                <SYNRESTR Value="+" type="wh_inf"/>
                            </SYNRESTRS>
                        </NP>
                    </SYNTAX>
                    <SEMANTICS>
                        <PRED value="path_rel">
                            <ARGS>
                                <ARG type="Event" value="start(E)"/>
                                <ARG type="ThemRole" value="Source"/>
                                <ARG type="ThemRole" value="Topic"/>
                                <ARG type="Constant" value="tr_of_info"/>
                                <ARG type="VerbSpecific" value="prep"/>
                            </ARGS>
                        </PRED>
                        <PRED value="path_rel">
                            <ARGS>
                                <ARG type="Event" value="end(E)"/>
                                <ARG type="ThemRole" value="Goal"/>
                                <ARG type="ThemRole" value="Topic"/>
                                <ARG type="Constant" value="tr_of_info"/>
                                <ARG type="VerbSpecific" value="prep"/>
                            </ARGS>
                        </PRED>
                        <PRED value="transfer">
                            <ARGS>
                                <ARG type="Event" value="during(E)"/>
                                <ARG type="ThemRole" value="Goal"/>
                                <ARG type="ThemRole" value="Recipient"/>
                                <ARG type="ThemRole" value="Topic"/>
                            </ARGS>
                        </PRED>
                        <PRED value="equals">
                            <ARGS>
                                <ARG type="ThemRole" value="Agent"/>
                                <ARG type="ThemRole" value="Goal"/>
                            </ARGS>
                        </PRED>
                    </SEMANTICS>
                </FRAME>
            </FRAMES>
            <SUBCLASSES>
                <VNSUBCLASS ID="learn-14-2-1">
                    <MEMBERS>
                        <MEMBER name="learn" wn="learn%2:31:00 learn%2:31:01 learn%2:31:03" grouping="learn.01 learn.02"/>
                        <MEMBER name="read" wn="read%2:31:00 read%2:31:04" grouping="read.01"/>
                    </MEMBERS>
                    <THEMROLES/>
                    <FRAMES>
                        <FRAME>
                            <DESCRIPTION descriptionNumber="" primary="NP V PP.topic" secondary="PP; of-PP" xtag=""/>
                            <EXAMPLES>
                                <EXAMPLE>The president learned of a coup plot that might endanger his life.</EXAMPLE>
                            </EXAMPLES>
                            <SYNTAX>
                                <NP value="Agent">
                                    <SYNRESTRS/>
                                </NP>
                                <VERB/>
                                <PREP value="of about">
                                    <SELRESTRS/>
                                </PREP>
                                <NP value="Topic">
                                    <SYNRESTRS/>
                                </NP>
                            </SYNTAX>
                            <SEMANTICS>
                                <PRED value="path_rel">
                                    <ARGS>
                                        <ARG type="Event" value="start(E)"/>
                                        <ARG type="ThemRole" value="?Source"/>
                                        <ARG type="ThemRole" value="Topic"/>
                                        <ARG type="Constant" value="tr_of_info"/>
                                        <ARG type="VerbSpecific" value="prep"/>
                                    </ARGS>
                                </PRED>
                                <PRED value="path_rel">
                                    <ARGS>
                                        <ARG type="Event" value="end(E)"/>
                                        <ARG type="ThemRole" value="Goal"/>
                                        <ARG type="ThemRole" value="Topic"/>
                                        <ARG type="Constant" value="tr_of_info"/>
                                        <ARG type="VerbSpecific" value="prep"/>
                                     </ARGS>
                                 </PRED>
                                 <PRED value="transfer">
                                     <ARGS>
                                        <ARG type="Event" value="during(E)"/>
                                        <ARG type="ThemRole" value="Goal"/>
                                        <ARG type="ThemRole" value="Recipient"/>
                                        <ARG type="ThemRole" value="Topic"/>
                                    </ARGS>
                                </PRED>
                                <PRED value="equals">
                                    <ARGS>
                                        <ARG type="ThemRole" value="Agent"/>
                                        <ARG type="ThemRole" value="Goal"/>
                                    </ARGS>
                                </PRED>
                            </SEMANTICS>
                        </FRAME>
                    </FRAMES>
                    <SUBCLASSES/>
                </VNSUBCLASS>
            </SUBCLASSES>
        </VNSUBCLASS>
    </SUBCLASSES>
</VNCLASS>