<!DOCTYPE VNCLASS SYSTEM "vn_class-3.dtd">
<VNCLASS xmlns:xsi="http://www.w3.org/2001/XMLSchema-instance" ID="peer-30.3" xsi:noNamespaceSchemaLocation="vn_schema-3.xsd">
    <MEMBERS>
        <MEMBER name="attend" wn="" grouping=""/>
        <MEMBER name="check" wn="check%2:31:00" grouping="check.01"/>
        <MEMBER name="eavesdrop" wn="" grouping=""/>
        <MEMBER name="gape" wn="gape%2:39:00" grouping=""/>
        <MEMBER name="gawk" wn="gawk%2:39:00" grouping=""/>
        <MEMBER name="gaze" wn="gaze%2:39:00" grouping=""/>
        <MEMBER name="glance" wn="glance%2:39:00" grouping="glance.01"/>
        <MEMBER name="glare" wn="glare%2:29:00" grouping="glare.01"/>
        <MEMBER name="goggle" wn="goggle%2:39:00" grouping=""/>
        <MEMBER name="leer" wn="leer%2:39:00" grouping=""/>
        <MEMBER name="listen" wn="listen%2:39:00 listen%2:39:01" grouping="listen.01"/>
        <MEMBER name="look" wn="look%2:39:00 look%2:39:02" grouping="look.01"/>
        <MEMBER name="ogle" wn="ogle%2:39:00" grouping=""/>
        <MEMBER name="peek" wn="peek%2:39:02" grouping=""/>
        <MEMBER name="peep" wn="peep%2:39:00" grouping=""/>
        <MEMBER name="peer" wn="peer%2:39:00" grouping="peer.01"/>
        <MEMBER name="sniff" wn="sniff%2:39:00" grouping="sniff.01"/>
        <MEMBER name="snoop" wn="snoop%2:32:00" grouping=""/>
        <MEMBER name="squint" wn="squint%2:29:00" grouping="squint.01"/>
        <MEMBER name="stare" wn="stare%2:39:00" grouping="stare.01"/>
    </MEMBERS>
    <THEMROLES>
        <THEMROLE type="Agent">
            <SELRESTRS>
                <SELRESTR Value="+" type="animate"/>
            </SELRESTRS>
        </THEMROLE>
        <THEMROLE type="Theme">
            <SELRESTRS/>
        </THEMROLE>
    </THEMROLES>
    <FRAMES>
        <FRAME>
            <DESCRIPTION descriptionNumber="0.2" primary="NP V PP.theme" secondary="PP; Theme-PP" xtag=""/>
            <EXAMPLES>
                <EXAMPLE>We peered at the baby.</EXAMPLE>
            </EXAMPLES>
            <SYNTAX>
                <NP value="Agent">
                    <SYNRESTRS/>
                </NP>
                <VERB/>
                <PREP>
                    <SELRESTRS>
                        <SELRESTR Value="+" type="spatial"/>
                    </SELRESTRS>
                </PREP>
                <NP value="Theme">
                    <SYNRESTRS/>
                </NP>
            </SYNTAX>
            <SEMANTICS>
                <PRED value="perceive">
                    <ARGS>
                        <ARG type="Event" value="during(E)"/>
                        <ARG type="ThemRole" value="Agent"/>
                        <ARG type="ThemRole" value="Theme"/>
                    </ARGS>
                </PRED>
                <PRED value="in_reaction_to">
                    <ARGS>
                        <ARG type="Event" value="E"/>
                        <ARG type="ThemRole" value="Theme"/>
                    </ARGS>
                </PRED>
            </SEMANTICS>
        </FRAME>
    </FRAMES>
    <SUBCLASSES/>
</VNCLASS>