<!DOCTYPE VNCLASS SYSTEM "vn_class-3.dtd">
<VNCLASS xmlns:xsi="http://www.w3.org/2001/XMLSchema-instance" ID="performance-26.7" xsi:noNamespaceSchemaLocation="vn_schema-3.xsd">
    <MEMBERS>
        <MEMBER name="belt" wn="belt%2:36:00" grouping="belt.01"/>
        <MEMBER name="chant" wn="chant%2:32:00" grouping="chant.01"/>
        <MEMBER name="direct" wn="direct%2:36:00 direct%2:36:02" grouping="direct.01"/>
        <MEMBER name="enact" wn="" grouping="enact.02"/>
        <MEMBER name="heel" wn="heel%2:36:00" grouping="heel.03"/>
        <MEMBER name="improvise" wn="" grouping=""/>
        <MEMBER name="intone" wn="intone%2:32:00" grouping=""/>
        <MEMBER name="model" wn="model%2:39:01" grouping="model.03"/>
        <MEMBER name="perform" wn="perform%2:36:01" grouping="perform.02"/>
        <MEMBER name="rap" wn="rap%2:36:10" grouping="rap.03"/>
        <MEMBER name="vocalize" wn="vocalize%2:36:00" grouping="vocalize.02"/>
    </MEMBERS>
    <THEMROLES>
        <THEMROLE type="Agent">
            <SELRESTRS>
                <SELRESTR Value="+" type="animate"/>
            </SELRESTRS>
        </THEMROLE>
        <THEMROLE type="Theme">
            <SELRESTRS/>
        </THEMROLE>
        <THEMROLE type="Beneficiary">
            <SELRESTRS>
                <SELRESTR Value="+" type="animate"/>
            </SELRESTRS>
        </THEMROLE>
    </THEMROLES>
    <FRAMES>
   <FRAME>
        <DESCRIPTION descriptionNumber="0.2" primary="NP V NP" secondary="Basic Transitive" xtag="0.2"/>
        <EXAMPLES>
            <EXAMPLE>Sandy sang a song.</EXAMPLE>
        </EXAMPLES>
        <SYNTAX>
            <NP value="Agent">
                <SYNRESTRS/>
            </NP>
            <VERB/>
            <NP value="Theme">
                <SYNRESTRS/>
            </NP>
        </SYNTAX>
        <SEMANTICS>
            <PRED value="perform">
                <ARGS>
                    <ARG type="Event" value="during(E)"/>
                    <ARG type="ThemRole" value="Agent"/>
                    <ARG type="ThemRole" value="Theme"/>
                 </ARGS>
             </PRED>
         </SEMANTICS>
     </FRAME>
     <FRAME>
         <DESCRIPTION descriptionNumber="1.2.1" primary="NP V" secondary="Unspecified Object" xtag=""/>
         <EXAMPLES>
             <EXAMPLE>Sandy sang.</EXAMPLE>
         </EXAMPLES>
         <SYNTAX>
             <NP value="Agent">
                 <SYNRESTRS/>
             </NP>
             <VERB/>
          </SYNTAX>
          <SEMANTICS>
              <PRED value="perform">
                  <ARGS>
                      <ARG type="Event" value="during(E)"/>
                      <ARG type="ThemRole" value="Agent"/>
                      <ARG type="ThemRole" value="?Theme"/>
                  </ARGS>
              </PRED>
          </SEMANTICS>
       </FRAME>
       <FRAME>
        <DESCRIPTION descriptionNumber="2.2" primary="NP V NP PP.beneficiary" secondary="NP-PP; for-PP" xtag=""/>
            <EXAMPLES>
                <EXAMPLE>Sandy sang a song for me.</EXAMPLE>
            </EXAMPLES>
            <SYNTAX>
                <NP value="Agent">
                    <SYNRESTRS/>
                </NP>
                <VERB/>
                <NP value="Theme">
                    <SYNRESTRS/>
                </NP>
                <PREP value="for">
                    <SELRESTRS/>
                </PREP>
                <NP value="Beneficiary">
                    <SYNRESTRS/>
                </NP>
            </SYNTAX>
            <SEMANTICS>
                <PRED value="perform">
                    <ARGS>
                        <ARG type="Event" value="during(E)"/>
                        <ARG type="ThemRole" value="Agent"/>
                        <ARG type="ThemRole" value="Theme"/>
                    </ARGS>
                </PRED>
                <PRED value="benefit">
                    <ARGS>
                        <ARG type="Event" value="E"/>
                        <ARG type="ThemRole" value="Beneficiary"/>
                    </ARGS>
                </PRED>
            </SEMANTICS>
       </FRAME>
    </FRAMES>
    <SUBCLASSES>
        <VNSUBCLASS ID="performance-26.7-1">
            <MEMBERS>
                <MEMBER name="dance" wn="dance%2:36:00" grouping="dance.01"/>
                <MEMBER name="hum" wn="hum%2:32:00" grouping="hum.01"/>
                <MEMBER name="play" wn="play%2:36:12 play%2:36:02 play%2:36:00 play%2:36:01 play%2:36:11 play%2:36:05 play%2:36:10 play%2:36:04" grouping="play.02 play.04"/>
                <MEMBER name="recite" wn="recite%2:32:02 recite%2:32:00
                recite%2:36:00" grouping="recite.01"/>
                <MEMBER name="replay" wn="replay%2:36:00" grouping=""/>
                <MEMBER name="stage" wn="stage%2:36:00" grouping="stage.01
                stage.02 stage.03"/>
                <MEMBER name="sing" wn="sing%2:36:01 sing%2:36:00" grouping="sing.01"/>
                <MEMBER name="whistle" wn="whistle%2:32:00" grouping="whistle.01"/>
            </MEMBERS>
            <THEMROLES/>
            <FRAMES>
                <FRAME>
                    <DESCRIPTION descriptionNumber="2.2" primary="NP V NP.beneficiary NP" secondary="NP-NP; Beneficiary Object" xtag=""/>
                        <EXAMPLES>
                            <EXAMPLE>Claire drew me a picture.</EXAMPLE>
                        </EXAMPLES>
                        <SYNTAX>
                            <NP value="Agent">
                                <SYNRESTRS/>
                            </NP>
                            <VERB/>
                            <NP value="Beneficiary">
                                <SYNRESTRS/>
                            </NP>
                            <NP value="Theme">
                                <SYNRESTRS/>
                            </NP>
                        </SYNTAX>
                        <SEMANTICS>
                            <PRED bool="!" value="exist">
                                <ARGS>
                                    <ARG type="Event" value="start(E)"/>
                                    <ARG type="ThemRole" value="Theme"/>
                                </ARGS>
                            </PRED>
                            <PRED value="exist">
                                <ARGS>
                                    <ARG type="Event" value="result(E)"/>
                                    <ARG type="ThemRole" value="Theme"/>
                                </ARGS>
                            </PRED>
                            <PRED value="cause">
                                <ARGS>
                                    <ARG type="ThemRole" value="Agent"/>
                                    <ARG type="Event" value="E"/>
                                </ARGS>
                            </PRED>
                            <PRED value="benefit">
                                <ARGS>
                                    <ARG type="Event" value="E"/>
                                    <ARG type="ThemRole" value="Beneficiary\
"/>
                                </ARGS>
                            </PRED>
                        </SEMANTICS>
                    </FRAME>
                </FRAMES>
            <SUBCLASSES/>
        </VNSUBCLASS>
    </SUBCLASSES>
</VNCLASS>
