<!DOCTYPE VNCLASS SYSTEM "vn_class-3.dtd">
<VNCLASS xmlns:xsi="http://www.w3.org/2001/XMLSchema-instance" ID="price-54.4" xsi:noNamespaceSchemaLocation="vn_schema-3.xsd">
    <MEMBERS>
        <MEMBER name="appraise" wn="appraise%2:31:01" grouping=""/>
        <MEMBER name="approximate" wn="approximate%2:31:00" grouping=""/>
        <MEMBER name="assess" wn="assess%2:31:00 assess%2:40:00" grouping="assess.01"/>
        <MEMBER name="auction" wn="" grouping=""/>
        <MEMBER name="calibrate" wn="" grouping="calibrate.02"/>
        <MEMBER name="estimate" wn="estimate%2:31:00" grouping="estimate.01"/>
        <MEMBER name="fix" wn="fix%2:36:01" grouping="fix.03"/>
        <MEMBER name="gauge" wn="gauge%2:31:00" grouping="gauge.01"/>
        <MEMBER name="meter" wn="meter%2:30:00" grouping=""/>
        <MEMBER name="overestimate" wn="overestimate%2:31:00 overestimate%2:31:02" grouping=""/>
        <MEMBER name="peg" wn="peg%2:30:03" grouping="peg.01"/>
        <MEMBER name="price" wn="price%2:40:00 price%2:31:00" grouping="price.01 price.02"/>
        <MEMBER name="rate" wn="rate%2:31:01" grouping="rate.01"/>
        <MEMBER name="reappraise" wn="reappraise%2:31:00" grouping=""/>
        <MEMBER name="value" wn="value%2:31:03 value%2:31:00 value%2:31:02" grouping="value.01"/>
    </MEMBERS>
    <THEMROLES>
        <THEMROLE type="Agent">
            <SELRESTRS>
                <SELRESTR Value="+" type="animate"/>
            </SELRESTRS>
        </THEMROLE>
        <THEMROLE type="Theme">
            <SELRESTRS>
                <SELRESTR Value="+" type="concrete"/>
            </SELRESTRS>
        </THEMROLE>
        <THEMROLE type="Value">
            <SELRESTRS>
                <SELRESTR Value="+" type="currency"/>
            </SELRESTRS>
        </THEMROLE>
    </THEMROLES>
    <FRAMES>
        <FRAME>
            <DESCRIPTION descriptionNumber="0.2" primary="NP V NP" secondary="Basic Transitive" xtag=""/>
            <EXAMPLES>
                <EXAMPLE>The dealer valued the book.</EXAMPLE>
            </EXAMPLES>
            <SYNTAX>
                <NP value="Agent">
                    <SYNRESTRS/>
                </NP>
                <VERB/>
                <NP value="Theme">
                    <SYNRESTRS/>
                </NP>
            </SYNTAX>
            <SEMANTICS>
                <PRED value="value">
                    <ARGS>
                        <ARG type="Event" value="result(E)"/>
                        <ARG type="ThemRole" value="Theme"/>
                        <ARG type="ThemRole" value="?Value"/>
                    </ARGS>
                </PRED>
                <PRED value="cause">
                    <ARGS>
                        <ARG type="ThemRole" value="Agent"/>
                        <ARG type="Event" value="E"/>
                    </ARGS>
                </PRED>
            </SEMANTICS>
        </FRAME>
        <FRAME>
            <DESCRIPTION descriptionNumber="0.2" primary="NP V NP PP.value" secondary="NP-PP; at-PP" xtag=""/>
            <EXAMPLES>
                <EXAMPLE>The dealer valued the book at $200.</EXAMPLE>
            </EXAMPLES>
            <SYNTAX>
                <NP value="Agent">
                    <SYNRESTRS/>
                </NP>
                <VERB/>
                <NP value="Theme">
                    <SYNRESTRS/>
                </NP>
                <PREP value="at">
                    <SELRESTRS/>
                </PREP>
                <NP value="Value">
                    <SYNRESTRS/>
                </NP>
            </SYNTAX>
            <SEMANTICS>
                <PRED value="value">
                    <ARGS>
                        <ARG type="Event" value="result(E)"/>
                        <ARG type="ThemRole" value="Theme"/>
                        <ARG type="ThemRole" value="Value"/>
                    </ARGS>
                </PRED>
                <PRED value="cause">
                    <ARGS>
                        <ARG type="ThemRole" value="Agent"/>
                        <ARG type="Event" value="E"/>
                    </ARGS>
                </PRED>
            </SEMANTICS>
        </FRAME>
    </FRAMES>
    <SUBCLASSES/>
</VNCLASS>