<!DOCTYPE VNCLASS SYSTEM "vn_class-3.dtd">
<VNCLASS xmlns:xsi="http://www.w3.org/2001/XMLSchema-instance" ID="rear-26.2.2" xsi:noNamespaceSchemaLocation="vn_schema-3.xsd">
    <MEMBERS>
        <MEMBER name="grow" wn="grow%2:30:01 grow%2:36:00" grouping="grow.02"/>
        <MEMBER name="nurture" wn="nurture%2:32:00 nurture%2:41:00" grouping="nurture.01"/>
        <MEMBER name="raise" wn="raise%2:36:03 raise%2:41:00" grouping="raise.05"/>
        <MEMBER name="rear" wn="rear%2:41:00" grouping="rear.01"/>
    </MEMBERS>
    <THEMROLES>
        <THEMROLE type="Agent">
            <SELRESTRS/>
        </THEMROLE>
        <THEMROLE type="Product">
            <SELRESTRS/>
        </THEMROLE>
    </THEMROLES>
    <FRAMES>
        <FRAME>
            <DESCRIPTION descriptionNumber="2.4.2" primary="NP V NP" secondary="Basic Transitive" xtag=""/>
            <EXAMPLES>
                <EXAMPLE>My neighbor raises fruit trees.</EXAMPLE>
            </EXAMPLES>
            <SYNTAX>
                <NP value="Agent">
                    <SYNRESTRS/>
                </NP>
                <VERB/>
                <NP value="Patient">
                    <SYNRESTRS/>
                </NP>
            </SYNTAX>
            <SEMANTICS>
                <PRED value="take_care_of">
                    <ARGS>
                        <ARG type="Event" value="during(E)"/>
                        <ARG type="ThemRole" value="Agent"/>
                        <ARG type="ThemRole" value="Product"/>
                    </ARGS>
                </PRED>
                <PRED value="cause">
                    <ARGS>
                        <ARG type="ThemRole" value="Agent"/>
                        <ARG type="Event" value="E"/>
                    </ARGS>
                </PRED>
	    </SEMANTICS>
        </FRAME>
    </FRAMES>
    <SUBCLASSES>
	<VNSUBCLASS ID="rear-26.2.2-1">
	    <MEMBERS>
		<MEMBER name="cultivate" wn="cultivate%2:36:00" grouping="cultivate.02"/>
		<MEMBER name="farm" wn="farm%2:41:00 farm%2:36:00" grouping="farm.01"/>
	    </MEMBERS>
	    <THEMROLES>
	 	<THEMROLE type="Material">
		    <SELRESTRS/>
		</THEMROLE>
	    </THEMROLES>
	    <FRAMES>
		<FRAME>
		    <DESCRIPTION descriptionNumber="2.4.2" primary="NP V NP.material PP.product" secondary="NP-PP; material,product" xtag=""/>
		    <EXAMPLES>
		        <EXAMPLE>The farmer cultivates the land for crops.</EXAMPLE>
		    </EXAMPLES>
		    <SYNTAX>
		        <NP value="Agent">
		            <SYNRESTRS/>
		        </NP>
		        <VERB/>
		        <NP value="Material">
		            <SYNRESTRS/>
		        </NP>
			<NP value="Product">
			    <SYNRESTRS/>
			</NP>
		    </SYNTAX>
		    <SEMANTICS>
		        <PRED bool="!" value="exist">
		            <ARGS>
		                <ARG type="Event" value="start(E)"/>
		                <ARG type="ThemRole" value="Product"/>
		            </ARGS>
		        </PRED>
		        <PRED value="exist">
		            <ARGS>
		                <ARG type="Event" value="result(E)"/>
		                <ARG type="ThemRole" value="Product"/>
		            </ARGS>
		        </PRED>
		        <PRED value="made_of">
		            <ARGS>
		                <ARG type="Event" value="result(E)"/>
		                <ARG type="ThemRole" value="Product"/>
		                <ARG type="ThemRole" value="Material"/>
		            </ARGS>
		        </PRED>
		        <PRED value="take_care_of">
		            <ARGS>
		                <ARG type="Event" value="during(E)"/>
		                <ARG type="ThemRole" value="Agent"/>
		                <ARG type="ThemRole" value="Product"/>
		            </ARGS>
		        </PRED>
		        <PRED value="cause">
		            <ARGS>
		                <ARG type="ThemRole" value="Agent"/>
		                <ARG type="Event" value="E"/>
		            </ARGS>
		        </PRED>
		    </SEMANTICS>
		</FRAME>
	    </FRAMES>
	    <SUBCLASSES/>
	</VNSUBCLASS>
    </SUBCLASSES>
</VNCLASS>