<!DOCTYPE VNCLASS SYSTEM "vn_class-3.dtd">
<VNCLASS xmlns:xsi="http://www.w3.org/2001/XMLSchema-instance" ID="reject-77.2" xsi:noNamespaceSchemaLocation="vn_schema-3.xsd">
    <MEMBERS>
	<MEMBER name="decline" wn="" grouping=""/>
	<MEMBER name="rebuff" wn="" grouping=""/>
	<MEMBER name="refuse" wn="" grouping=""/>
	<MEMBER name="turn-down" wn="" grouping=""/>
    </MEMBERS>
    <THEMROLES>
        <THEMROLE type="Agent">
            <SELRESTRS logic="or">
                <SELRESTR Value="+" type="animate"/>
                <SELRESTR Value="+" type="organization"/>
            </SELRESTRS>
        </THEMROLE>
        <THEMROLE type="Theme">
            <SELRESTRS/>
        </THEMROLE>
    </THEMROLES>
    <FRAMES>
	<FRAME>
            <DESCRIPTION descriptionNumber="0.2" primary="NP V NP" secondary="Basic Transitive" xtag="0.2"/>
            <EXAMPLES>
                <EXAMPLE>I turned down the offer.</EXAMPLE>
            </EXAMPLES>
            <SYNTAX>
                <NP value="Agent">
                    <SYNRESTRS/>
                </NP>
                <VERB/>
                <NP value="Theme">
                    <SYNRESTRS>
                        <SYNRESTR Value="-" type="sentential"/>
                    </SYNRESTRS>
                </NP>
            </SYNTAX>
            <SEMANTICS>
                <PRED bool="!" value="approve">
                    <ARGS>
                        <ARG type="Event" value="during(E)"/>
                        <ARG type="ThemRole" value="Agent"/>
                        <ARG type="ThemRole" value="Theme"/>
                    </ARGS>
                </PRED>
            </SEMANTICS>
        </FRAME>
        <FRAME>
            <DESCRIPTION descriptionNumber="8.1" primary="NP V S_ING" secondary="POSSING" xtag="0.2"/>
            <EXAMPLES>
                <EXAMPLE>I discouraged their writing novels.</EXAMPLE>
            </EXAMPLES>
            <SYNTAX>
                <NP value="Agent">
                    <SYNRESTRS/>
                </NP>
                <VERB/>
                <NP value="Theme">
                    <SYNRESTRS>
                        <SYNRESTR Value="+" type="poss_ing"/>
                    </SYNRESTRS>
                </NP>
            </SYNTAX>
            <SEMANTICS>
                <PRED bool="!" value="approve">
                    <ARGS>
                        <ARG type="Event" value="during(E)"/>
                        <ARG type="ThemRole" value="Agent"/>
                        <ARG type="ThemRole" value="Theme"/>
                    </ARGS>
                </PRED>
            </SEMANTICS>
        </FRAME>
    </FRAMES>
    <SUBCLASSES>
	<VNSUBCLASS ID="reject-77.2-1">
	    <MEMBERS>
		<MEMBER name="discourage" wn="discourage%2:32:01 discourage%2:37:00" grouping="discourage.02"/>
		<MEMBER name="dismiss" wn="" grouping=""/>
		<MEMBER name="disparage" wn="" grouping=""/>
		<MEMBER name="disprefer" wn="" grouping=""/>
		<MEMBER name="pooh_pooh" wn="" grouping=""/>
		<MEMBER name="reject" wn="" grouping=""/>
	    </MEMBERS>
	    <THEMROLES/>
	    <FRAMES>
		<FRAME>
		    <DESCRIPTION descriptionNumber="8.1" primary="NP V how S" secondary="HOW-S" xtag="0.2"/>
		    <EXAMPLES>
		        <EXAMPLE>I reject how you explain it.</EXAMPLE>
		    </EXAMPLES>
		    <SYNTAX>
		        <NP value="Agent">
		            <SYNRESTRS/>
		        </NP>
		        <VERB/>
		        <NP value="Theme">
		            <SYNRESTRS>
		                <SYNRESTR Value="+" type="how_extract"/>
		            </SYNRESTRS>
		        </NP>
		    </SYNTAX>
		    <SEMANTICS>
		        <PRED bool="!" value="approve">
		            <ARGS>
		                <ARG type="Event" value="during(E)"/>
		                <ARG type="ThemRole" value="Agent"/>
		                <ARG type="ThemRole" value="Theme"/>
		            </ARGS>
		        </PRED>
		    </SEMANTICS>
		</FRAME>
		<FRAME>
		    <DESCRIPTION descriptionNumber="8.1" primary="NP V what S" secondary="WHAT-S" xtag="0.2"/>
		    <EXAMPLES>
		        <EXAMPLE>I rejected what they were doing.</EXAMPLE>
		    </EXAMPLES>
		    <SYNTAX>
		        <NP value="Agent">
		            <SYNRESTRS/>
		        </NP>
		        <VERB/>
		        <NP value="Theme">
		            <SYNRESTRS>
		                <SYNRESTR Value="+" type="what_extract"/>
		            </SYNRESTRS>
		        </NP>
		    </SYNTAX>
		    <SEMANTICS>
		        <PRED bool="!" value="approve">
		            <ARGS>
		                <ARG type="Event" value="during(E)"/>
		                <ARG type="ThemRole" value="Agent"/>
		                <ARG type="ThemRole" value="Theme"/>
		            </ARGS>
		        </PRED>
		    </SEMANTICS>
		</FRAME>
	    </FRAMES>
	    <SUBCLASSES/>
	</VNSUBCLASS>
    </SUBCLASSES>
</VNCLASS>