<!DOCTYPE VNCLASS SYSTEM "vn_class-3.dtd">
<VNCLASS xmlns:xsi="http://www.w3.org/2001/XMLSchema-instance" ID="rely-70" xsi:noNamespaceSchemaLocation="vn_schema-3.xsd">
    <MEMBERS>
        <MEMBER name="rely" wn="rely%2:31:11" grouping="rely.01"/>
        <MEMBER name="depend" wn="depend%2:31:00" grouping="depend.02"/>
        <MEMBER name="bank" wn="bank%2:31:02" grouping="bank.04"/>
        <MEMBER name="bargain" wn="" grouping=""/>
        <MEMBER name="count" wn="count%2:31:02" grouping="count.04"/>
        <MEMBER name="figure" wn="figure%2:31:01" grouping="figure.01"/>
        <MEMBER name="reckon" wn="reckon%2:31:03" grouping="reckon.03"/>
        <MEMBER name="bet" wn="bet%2:31:00" grouping="bet.02"/>
        <MEMBER name="gamble" wn="gamble%2:41:00" grouping="gamble.01"/>
        <MEMBER name="take_a_chance" wn="take_a_chance%2:41:00" grouping=""/>
        <MEMBER name="wager" wn="" grouping=""/>
    </MEMBERS>
    <THEMROLES>
        <THEMROLE type="Agent">
            <SELRESTRS logic="or">
                <SELRESTR Value="+" type="animate"/>
                <SELRESTR Value="+" type="organization"/>
            </SELRESTRS>
        </THEMROLE>
        <THEMROLE type="Theme">
            <SELRESTRS/>
        </THEMROLE>
    </THEMROLES>
    <FRAMES>
        <FRAME>
            <DESCRIPTION descriptionNumber="8.1" primary="NP V PP.theme S_ING" secondary="P-ING-SC; on-PP" xtag="0.2"/>
            <EXAMPLES>
                <EXAMPLE>She relies on coming back in time.</EXAMPLE>
            </EXAMPLES>
            <SYNTAX>
                <NP value="Agent">
                    <SYNRESTRS/>
                </NP>
                <VERB/>
                <PREP value="on">
                    <SELRESTRS/>
                </PREP>
                <NP value="Theme">
                    <SYNRESTRS>
                        <SYNRESTR Value="+" type="sc_ing"/>
                    </SYNRESTRS>
                </NP>
            </SYNTAX>
            <SEMANTICS>
                <PRED value="depend">
                    <ARGS>
                        <ARG type="Event" value="during(E)"/>
                        <ARG type="ThemRole" value="Agent"/>
                        <ARG type="ThemRole" value="Theme"/>
                    </ARGS>
                </PRED>
            </SEMANTICS>
        </FRAME>
        <FRAME>
            <DESCRIPTION descriptionNumber="8.1" primary="NP V PP.theme NP S_ING" secondary="P-NP-ING; on-PP" xtag="0.2"/>
            <EXAMPLES>
                <EXAMPLE>She relies on him coming back in time.</EXAMPLE>
            </EXAMPLES>
            <SYNTAX>
                <NP value="Agent">
                    <SYNRESTRS/>
                </NP>
                <VERB/>
                <PREP value="on">
                    <SELRESTRS/>
                </PREP>
                <NP value="Theme">
                    <SYNRESTRS>
                        <SYNRESTR Value="+" type="np_ing"/>
                    </SYNRESTRS>
                </NP>
            </SYNTAX>
            <SEMANTICS>
                <PRED value="depend">
                    <ARGS>
                        <ARG type="Event" value="during(E)"/>
                        <ARG type="ThemRole" value="Agent"/>
                        <ARG type="ThemRole" value="Theme"/>
                    </ARGS>
                </PRED>
            </SEMANTICS>
        </FRAME>
        <FRAME>
            <DESCRIPTION descriptionNumber="8.1" primary="NP V PP.theme S_INF" secondary="P-NP-TO-INF; on-PP" xtag="0.1"/>
            <EXAMPLES>
                <EXAMPLE>She relies on him to help.</EXAMPLE>
            </EXAMPLES>
            <SYNTAX>
                <NP value="Agent">
                    <SYNRESTRS/>
                </NP>
                <VERB/>
                <PREP value="on">
                    <SELRESTRS/>
                </PREP>
                <NP value="Theme">
                    <SYNRESTRS>
                        <SYNRESTR Value="+" type="np_to_inf"/>
                    </SYNRESTRS>
                </NP>
            </SYNTAX>
            <SEMANTICS>
                <PRED value="depend">
                    <ARGS>
                        <ARG type="Event" value="during(E)"/>
                        <ARG type="ThemRole" value="Agent"/>
                        <ARG type="ThemRole" value="Theme"/>
                    </ARGS>
                </PRED>
            </SEMANTICS>
        </FRAME>
        <FRAME>
            <DESCRIPTION descriptionNumber="8.1" primary="NP V PP.theme S_ING" secondary="P-POSSING; on-PP" xtag="0.1"/>
            <EXAMPLES>
                <EXAMPLE>She relies on his helping.</EXAMPLE>
            </EXAMPLES>
            <SYNTAX>
                <NP value="Agent">
                    <SYNRESTRS/>
                </NP>
                <VERB/>
                <PREP value="on">
                    <SELRESTRS/>
                </PREP>
                <NP value="Theme">
                    <SYNRESTRS>
                        <SYNRESTR Value="+" type="poss_ing"/>
                    </SYNRESTRS>
                </NP>
            </SYNTAX>
            <SEMANTICS>
                <PRED value="depend">
                    <ARGS>
                        <ARG type="Event" value="during(E)"/>
                        <ARG type="ThemRole" value="Agent"/>
                        <ARG type="ThemRole" value="Theme"/>
                    </ARGS>
                </PRED>
            </SEMANTICS>
        </FRAME>
        <FRAME>
            <DESCRIPTION descriptionNumber="0.1" primary="NP V PP.theme" secondary="PP; on-PP" xtag="0.1"/>
            <EXAMPLES>
                <EXAMPLE>She relies on it.</EXAMPLE>
            </EXAMPLES>
            <SYNTAX>
                <NP value="Agent">
                    <SYNRESTRS/>
                </NP>
                <VERB/>
                <PREP value="on">
                    <SELRESTRS/>
                </PREP>
                <NP value="Theme">
                    <SYNRESTRS>
                        <SYNRESTR Value="-" type="sentential"/>
                    </SYNRESTRS>
                </NP>
            </SYNTAX>
            <SEMANTICS>
                <PRED value="depend">
                    <ARGS>
                        <ARG type="Event" value="during(E)"/>
                        <ARG type="ThemRole" value="Agent"/>
                        <ARG type="ThemRole" value="Theme"/>
                    </ARGS>
                </PRED>
            </SEMANTICS>
        </FRAME>
    </FRAMES>
    <SUBCLASSES/>
</VNCLASS>