<!DOCTYPE VNCLASS SYSTEM "vn_class-3.dtd">
<VNCLASS xmlns:xsi="http://www.w3.org/2001/XMLSchema-instance" ID="render-29.90" xsi:noNamespaceSchemaLocation="vn_schema-3.xsd">
    <MEMBERS>
        <MEMBER name="drive" wn="drive%2:35:00" grouping="drive.02"/>  
	<MEMBER name="render" wn="" grouping=""/>
	<MEMBER name="take" wn="" grouping=""/>
        <MEMBER name="leave" wn="leave%2:42:02" grouping="leave.03"/> 
    </MEMBERS>
    <THEMROLES>
        <THEMROLE type="Causer">
            <SELRESTRS/>
        </THEMROLE>
        <THEMROLE type="Patient">
            <SELRESTRS/>
        </THEMROLE>
        <THEMROLE type="Result">
            <SELRESTRS/>
        </THEMROLE>
    </THEMROLES>
    <FRAMES>
        <FRAME>
            <DESCRIPTION descriptionNumber="8.1" primary="NP V NP ADJP" secondary="ADJP; Resultative" xtag=""/>
            <EXAMPLES>
                <EXAMPLE>John took the radio apart.</EXAMPLE>
            </EXAMPLES>
            <SYNTAX>
                <NP value="Agent">
                    <SYNRESTRS/>
                </NP>
                <VERB/>
                <NP value="Patient">
                    <SYNRESTRS/>
                </NP>
                <NP value="Result">
                    <SYNRESTRS/>
                </NP>
            </SYNTAX>
            <SEMANTICS>
                <PRED value="path_rel">
                    <ARGS>
                        <ARG type="Event" value="start(E)"/>
                        <ARG type="ThemRole" value="?Source"/>
                        <ARG type="ThemRole" value="Patient"/>
                        <ARG type="Constant" value="ch_of_state"/>
                        <ARG type="VerbSpecific" value="prep"/>
                    </ARGS>
                </PRED>
                <PRED value="path_rel">
                    <ARGS>
                        <ARG type="Event" value="result(E)"/>
                        <ARG type="ThemRole" value="Result"/>
                        <ARG type="ThemRole" value="Patient"/>
                        <ARG type="Constant" value="ch_of_state"/>
                        <ARG type="VerbSpecific" value="prep"/>
                    </ARGS>
                </PRED>
                <PRED value="cause">
                    <ARGS>
                        <ARG type="ThemRole" value="Agent"/>
                        <ARG type="Event" value="E"/>
                    </ARGS>
                </PRED>
            </SEMANTICS>
        </FRAME>
	<FRAME>
            <DESCRIPTION descriptionNumber="8.1" primary="NP V ADJP NP" secondary="ADJP; Resultative" xtag=""/>
            <EXAMPLES>
                <EXAMPLE>The judicial decision rendered void the previous authorization.</EXAMPLE>
            </EXAMPLES>
            <SYNTAX>
                <NP value="Causer">
                    <SYNRESTRS/>
                </NP>
                <VERB/>
                <NP value="Result">
                    <SYNRESTRS/>
                </NP>
                <NP value="Patient">
                    <SYNRESTRS/>
                </NP>
            </SYNTAX>
            <SEMANTICS>
                <PRED value="path_rel">
                    <ARGS>
                        <ARG type="Event" value="start(E)"/>
                        <ARG type="ThemRole" value="?Source"/>
                        <ARG type="ThemRole" value="Patient"/>
                        <ARG type="Constant" value="ch_of_state"/>
                        <ARG type="VerbSpecific" value="prep"/>
                    </ARGS>
                </PRED>
                <PRED value="path_rel">
                    <ARGS>
                        <ARG type="Event" value="result(E)"/>
                        <ARG type="ThemRole" value="Result"/>
                        <ARG type="ThemRole" value="Patient"/>
                        <ARG type="Constant" value="ch_of_state"/>
                        <ARG type="VerbSpecific" value="prep"/>
                    </ARGS>
                </PRED>
                <PRED value="cause">
                    <ARGS>
                        <ARG type="ThemRole" value="Causer"/>
                        <ARG type="Event" value="E"/>
                    </ARGS>
                </PRED>
            </SEMANTICS>
        </FRAME>       
    </FRAMES>
    <SUBCLASSES>
        <VNSUBCLASS ID="render-29.90-1">
            <MEMBERS>
                <MEMBER name="make" wn="make%2:30:00" grouping="make.03"/>
            </MEMBERS>
            <THEMROLES/>
	    <FRAMES>
		<FRAME>
	            <DESCRIPTION descriptionNumber="8.1" primary="NP V NP S" secondary="NP-S" xtag=""/>
		    <EXAMPLES>
			<EXAMPLE>John made the radio work.</EXAMPLE>
		    </EXAMPLES>
		    <SYNTAX>
			<NP value="Agent">
			    <SYNRESTRS/>
			</NP>
			<VERB/>
			<NP value="Patient">
			    <SYNRESTRS/>
			</NP>
			<NP value="Result">
			    <SYNRESTRS/>
			</NP>
		    </SYNTAX>
		    <SEMANTICS>
                        <PRED value="path_rel">
                            <ARGS>
                                <ARG type="Event" value="start(E)"/>
                                <ARG type="ThemRole" value="?Source"/>
                                <ARG type="ThemRole" value="Patient"/>
                                <ARG type="Constant" value="ch_of_state"/>
                                <ARG type="VerbSpecific" value="prep"/>
                            </ARGS>
                        </PRED>
                        <PRED value="path_rel">
                            <ARGS>
                                <ARG type="Event" value="result(E)"/>
                                <ARG type="ThemRole" value="Result"/>
                                <ARG type="ThemRole" value="Patient"/>
                                <ARG type="Constant" value="ch_of_state"/>
                                <ARG type="VerbSpecific" value="prep"/>
                            </ARGS>
                        </PRED>
			<PRED value="cause">
			    <ARGS>
			        <ARG type="ThemRole" value="Agent"/>
			        <ARG type="Event" value="E"/>
			    </ARGS>
			</PRED>
		    </SEMANTICS>
		</FRAME>
	    </FRAMES> 
            <SUBCLASSES/>
        </VNSUBCLASS>
        <VNSUBCLASS ID="render-29.90-2">
            <MEMBERS>
                <MEMBER name="get" wn="get%2:30:01" grouping="get.03"/>
            </MEMBERS>
            <THEMROLES/>
            <FRAMES>
		<FRAME>
	            <DESCRIPTION descriptionNumber="8.1" primary="NP V NP S-INF" secondary="NP-S" xtag=""/>
		    <EXAMPLES>
			<EXAMPLE>John got the radio to work.</EXAMPLE>
		    </EXAMPLES>
		    <SYNTAX>
			<NP value="Agent">
			    <SYNRESTRS/>
			</NP>
			<VERB/>
			<NP value="Patient">
			    <SYNRESTRS/>
			</NP>
			<NP value="Result">
			    <SYNRESTRS/>
			</NP>
		    </SYNTAX>
		    <SEMANTICS>
                        <PRED value="path_rel">
                            <ARGS>
                                <ARG type="Event" value="start(E)"/>
                                <ARG type="ThemRole" value="?Source"/>
                                <ARG type="ThemRole" value="Patient"/>
                                <ARG type="Constant" value="ch_of_state"/>
                                <ARG type="VerbSpecific" value="prep"/>
                            </ARGS>
                        </PRED>
                        <PRED value="path_rel">
                            <ARGS>
                                <ARG type="Event" value="result(E)"/>
                                <ARG type="ThemRole" value="Result"/>
                                <ARG type="ThemRole" value="Patient"/>
                                <ARG type="Constant" value="ch_of_state"/>
                                <ARG type="VerbSpecific" value="prep"/>
                            </ARGS>
                        </PRED>
			<PRED value="cause">
			    <ARGS>
			        <ARG type="ThemRole" value="Agent"/>
			        <ARG type="Event" value="E"/>
			    </ARGS>
			</PRED>
		    </SEMANTICS>
		</FRAME>
	    </FRAMES> 
	    <SUBCLASSES/>
        </VNSUBCLASS>
    </SUBCLASSES>
</VNCLASS>
