<!DOCTYPE VNCLASS SYSTEM "vn_class-3.dtd">
<VNCLASS xmlns:xsi="http://www.w3.org/2001/XMLSchema-instance" ID="result-27.2" xsi:noNamespaceSchemaLocation="vn_schema-3.xsd">
    <MEMBERS>
        <MEMBER name="cause" wn="" grouping=""/>
        <MEMBER name="lead" wn="" grouping=""/>
        <MEMBER name="lead_up" wn="" grouping=""/>
        <MEMBER name="result" wn="" grouping=""/>
    </MEMBERS>
    <THEMROLES>
        <THEMROLE type="Causer">
            <SELRESTRS>
                <SELRESTR Value="-" type="animate"/>
            </SELRESTRS>
        </THEMROLE>
        <THEMROLE type="Theme">
            <SELRESTRS/>
        </THEMROLE>
    </THEMROLES>
    <FRAMES>
        <FRAME>
            <DESCRIPTION descriptionNumber="0.2" primary="NP V PP" secondary="PP" xtag="0.2"/>
            <EXAMPLES>
                <EXAMPLE>This remark led to further arguments amongst guests.</EXAMPLE>
            </EXAMPLES>
            <SYNTAX>
                <NP value="Causer">
                    <SYNRESTRS/>
                </NP>
                <VERB/>
                <PREP value="in | to">
                    <SELRESTRS/>
                </PREP>
                <NP value="Theme">
                    <SYNRESTRS/>
                </NP>
            </SYNTAX>
            <SEMANTICS>
                <PRED bool="!" value="exist">
                    <ARGS>
                        <ARG type="Event" value="start(E)"/>
                        <ARG type="ThemRole" value="Theme"/>
                    </ARGS>
                </PRED>
                <PRED value="exist">
                    <ARGS>
                        <ARG type="Event" value="result(E)"/>
                        <ARG type="ThemRole" value="Theme"/>
                    </ARGS>
                </PRED>
                <PRED value="nonagentive_cause">
                    <ARGS>
                        <ARG type="ThemRole" value="Causer"/>
                        <ARG type="Event" value="E"/>
                    </ARGS>
                </PRED>
            </SEMANTICS>
        </FRAME>
    </FRAMES>
    <SUBCLASSES/>
</VNCLASS>