<!DOCTYPE VNCLASS SYSTEM "vn_class-3.dtd">
<VNCLASS xmlns:xsi="http://www.w3.org/2001/XMLSchema-instance" ID="roll-51.3.1" xsi:noNamespaceSchemaLocation="vn_schema-3.xsd">
    <MEMBERS>
        <!--Each member also adds a manner predicate such as manner(during(E),Theme,running)-->
        <MEMBER name="bounce" wn="bounce%2:38:00 bounce%2:35:03 bounce%2:38:02" grouping="bounce.01 bounce.06"/>
        <MEMBER name="drift" wn="drift%2:38:02 drift%2:38:04 drift%2:38:06" grouping="drift.01 drift.02 drift.04"/>
        <MEMBER name="drop" wn="drop%2:38:01 drop%2:38:00" grouping="drop.01 drop.02"/>
        <MEMBER name="float" wn="float%2:38:00 float%2:38:02 float%2:38:04" grouping="float.01 float.03"/>
        <MEMBER name="glide" wn="glide%2:38:00 glide%2:38:02" grouping="glide.01"/>
        <MEMBER name="move" wn="move%2:38:03 move%2:38:01 move%2:38:00" grouping="move.01"/>
        <MEMBER name="nose" wn="nose%2:38:00" grouping="nose.02"/>
        <MEMBER name="roll" wn="roll%2:38:00 roll%2:29:06" grouping="roll.01"/>
        <MEMBER name="slide" wn="slide%2:38:01 slide%2:38:00 slide%2:38:02" grouping="slide.01 slide.02"/>
        <MEMBER name="swing" wn="swing%2:38:02 swing%2:38:03 swing%2:35:00" grouping="swing.01"/>
        <MEMBER name="coil" wn="coil%2:38:00" grouping="coil.01"/>
        <MEMBER name="revolve" wn="revolve%2:38:00 revolve%2:38:01 revolve%2:38:02" grouping="revolve.01"/>
        <MEMBER name="rotate" wn="rotate%2:38:01 rotate%2:38:00" grouping="rotate.01"/>
        <MEMBER name="spin" wn="spin%2:38:01 spin%2:38:02" grouping="spin.01"/>
        <MEMBER name="turn" wn="turn%2:38:02 turn%2:38:04 turn%2:38:01 turn%2:38:13" grouping="turn.01 turn.03 turn.08"/>
        <MEMBER name="twirl" wn="twirl%2:38:00 twirl%2:38:01" grouping=""/>
        <MEMBER name="twist" wn="twist%2:38:01 twist%2:38:02 twist%2:35:06" grouping="twist.01"/>
        <MEMBER name="whirl" wn="whirl%2:38:01 whirl%2:38:02 whirl%2:38:00 whirl%2:38:04 whirl%2:38:03" grouping=""/>
        <MEMBER name="wind" wn="wind%2:38:00 wind%2:35:06" grouping="wind.01 wind.02"/>
        <MEMBER name="snake" wn="" grouping="snake.01"/>
        <MEMBER name="soar" wn="" grouping=""/>
        <MEMBER name="spiral" wn="" grouping=""/>
        <MEMBER name="undulate" wn="" grouping=""/>
    </MEMBERS>
    <THEMROLES>
        <THEMROLE type="Agent">
            <SELRESTRS>
                <SELRESTR Value="+" type="int_control"/>
            </SELRESTRS>
        </THEMROLE>
        <THEMROLE type="Theme">
            <SELRESTRS>
                <SELRESTR Value="+" type="concrete"/>
            </SELRESTRS>
        </THEMROLE>
        <THEMROLE type="Trajectory">
            <SELRESTRS>
                <SELRESTR Value="+" type="concrete"/>
            </SELRESTRS>
        </THEMROLE>
        <THEMROLE type="Result">
                <SELRESTRS/>
        </THEMROLE>
    </THEMROLES>
    <FRAMES>
        <FRAME>
            <DESCRIPTION descriptionNumber="0.1" primary="NP.theme V" secondary="Basic Intransitive; inchoative" xtag="0.1"/>
            <EXAMPLES>
                <EXAMPLE>The ball rolled.</EXAMPLE>
            </EXAMPLES>
            <SYNTAX>
                <NP value="Theme">
                    <SYNRESTRS/>
                </NP>
                <VERB/>
            </SYNTAX>
            <SEMANTICS>
                <PRED value="motion">
                    <ARGS>
                        <ARG type="Event" value="during(E)"/>
                        <ARG type="ThemRole" value="Theme"/>
                    </ARGS>
                </PRED>
                <PRED value="path_rel">
                    <ARGS>
                        <ARG type="Event" value="start(E)"/>
                        <ARG type="ThemRole" value="Theme"/>
                        <ARG type="ThemRole" value="?Initial_Location"/>
                        <ARG type="Constant" value="ch_of_loc"/>
                        <ARG type="VerbSpecific" value="prep"/>
                    </ARGS>
                </PRED>
                <PRED value="path_rel">
                    <ARGS>
                        <ARG type="Event" value="during(E)"/>
                        <ARG type="ThemRole" value="Theme"/>
                        <ARG type="ThemRole" value="?Trajectory"/>
                        <ARG type="Constant" value="ch_of_loc"/>
                        <ARG type="VerbSpecific" value="prep"/>  
                    </ARGS>
                </PRED>
                <PRED value="path_rel">
                    <ARGS>
                        <ARG type="Event" value="end(E)"/>
                        <ARG type="ThemRole" value="Theme"/>
                        <ARG type="ThemRole" value="?Destination"/>
                        <ARG type="Constant" value="ch_of_loc"/>
                        <ARG type="VerbSpecific" value="prep"/>
                    </ARGS>
                </PRED>
            </SEMANTICS>
        </FRAME>
        <FRAME>
            <DESCRIPTION descriptionNumber="0.1" primary="NP V PP.location" secondary="PP; locative-PP" xtag=""/>
            <EXAMPLES>
                <EXAMPLE>The ball rolled down the hill.</EXAMPLE>
            </EXAMPLES>
            <SYNTAX>
                <NP value="Theme">
                    <SYNRESTRS/>
                </NP>
                <VERB/>
                <PREP>
                    <SELRESTRS>
                        <SELRESTR Value="+" type="spatial"/>
                    </SELRESTRS>
                </PREP>
                <NP value="Trajectory">
                    <SYNRESTRS/>
                </NP>
            </SYNTAX>
            <SEMANTICS>
                <PRED value="motion">
                    <ARGS>
                        <ARG type="Event" value="during(E)"/>
                        <ARG type="ThemRole" value="Theme"/>
                    </ARGS>
                </PRED>
                <PRED value="path_rel">
                    <ARGS>
                        <ARG type="Event" value="start(E)"/>
                        <ARG type="ThemRole" value="Theme"/>
                        <ARG type="ThemRole" value="?Initial_Location"/>
                        <ARG type="Constant" value="ch_of_loc"/>
                        <ARG type="VerbSpecific" value="prep"/>
                    </ARGS>
                </PRED>
                <PRED value="path_rel">
                    <ARGS>
                        <ARG type="Event" value="during(E)"/>
                        <ARG type="ThemRole" value="Theme"/>
                        <ARG type="ThemRole" value="Trajectory"/>
                        <ARG type="Constant" value="ch_of_loc"/>
                        <ARG type="VerbSpecific" value="prep"/>
                    </ARGS>
                </PRED>
                <PRED value="path_rel">
                    <ARGS>
                        <ARG type="Event" value="end(E)"/>
                        <ARG type="ThemRole" value="Theme"/>
                        <ARG type="ThemRole" value="?Destination"/>
                        <ARG type="Constant" value="ch_of_loc"/>
                        <ARG type="VerbSpecific" value="prep"/>
                    </ARGS>
                </PRED> 
            </SEMANTICS>
        </FRAME>
        <FRAME>
            <DESCRIPTION descriptionNumber="0.2" primary="NP V NP.theme" secondary="Transitive; Causative" xtag="0.2"/>
            <EXAMPLES>
                <EXAMPLE>Bill rolled the ball.</EXAMPLE>
            </EXAMPLES>
            <SYNTAX>
                <NP value="Agent">
                    <SYNRESTRS/>
                </NP>
                <VERB/>
                <NP value="Theme">
                    <SYNRESTRS/>
                </NP>
            </SYNTAX>
            <SEMANTICS>
                <PRED value="motion">
                    <ARGS>
                        <ARG type="Event" value="during(E)"/>
                        <ARG type="ThemRole" value="Theme"/>
                    </ARGS>
                </PRED>
                <PRED value="cause">
                    <ARGS>
                        <ARG type="ThemRole" value="Agent"/>
                        <ARG type="Event" value="E"/>
                    </ARGS>
                </PRED>
                <PRED value="path_rel">
                    <ARGS>
                        <ARG type="Event" value="start(E)"/>
                        <ARG type="ThemRole" value="Theme"/>
                        <ARG type="ThemRole" value="?Initial_Location"/>
                        <ARG type="Constant" value="ch_of_loc"/>
                        <ARG type="VerbSpecific" value="prep"/>
                    </ARGS> 
                </PRED>
                <PRED value="path_rel">
                    <ARGS>
                        <ARG type="Event" value="during(E)"/>
                        <ARG type="ThemRole" value="Theme"/>
                        <ARG type="ThemRole" value="?Trajectory"/>
                        <ARG type="Constant" value="ch_of_loc"/>
                        <ARG type="VerbSpecific" value="prep"/>
                    </ARGS>
                </PRED> 
                <PRED value="path_rel">
                    <ARGS>
                        <ARG type="Event" value="end(E)"/>
                        <ARG type="ThemRole" value="Theme"/>
                        <ARG type="ThemRole" value="?Destination"/>
                        <ARG type="Constant" value="ch_of_loc"/>
                        <ARG type="VerbSpecific" value="prep"/> 
                    </ARGS>
                </PRED>
            </SEMANTICS>
        </FRAME>
        <FRAME>
            <DESCRIPTION descriptionNumber="0.2" primary="NP V NP PP.location" secondary="NP-PP; path-PP" xtag=""/>
            <EXAMPLES>
                <EXAMPLE>Bill rolled the ball down the hill.</EXAMPLE>
            </EXAMPLES>
            <SYNTAX>
                <NP value="Agent">
                    <SYNRESTRS/>
                </NP>
                <VERB/>
                <NP value="Theme">
                    <SYNRESTRS/>
                </NP>
                <PREP>
                    <SELRESTRS>
                        <SELRESTR Value="+" type="path"/>
                    </SELRESTRS>
                </PREP>
                <NP value="Trajectory">
                    <SELRESTRS/>
                </NP>
            </SYNTAX>
            <SEMANTICS>
                <PRED value="motion">
                    <ARGS>
                        <ARG type="Event" value="during(E)"/>
                        <ARG type="ThemRole" value="Theme"/>
                    </ARGS>
                </PRED>
                <PRED value="path_rel">
                    <ARGS>
                        <ARG type="Event" value="start(E)"/>
                        <ARG type="ThemRole" value="Theme"/>
                        <ARG type="ThemRole" value="?Initial_Location"/>
                        <ARG type="Constant" value="ch_of_loc"/>
                        <ARG type="VerbSpecific" value="prep"/>
                    </ARGS> 
                </PRED>
                <PRED value="path_rel">
                    <ARGS>
                        <ARG type="Event" value="during(E)"/>
                        <ARG type="ThemRole" value="Theme"/>
                        <ARG type="ThemRole" value="Trajectory"/>
                        <ARG type="Constant" value="ch_of_loc"/>
                        <ARG type="VerbSpecific" value="prep"/>
                    </ARGS>
                </PRED>
                <PRED value="path_rel">
                    <ARGS>
                        <ARG type="Event" value="end(E)"/>
                        <ARG type="ThemRole" value="Theme"/>
                        <ARG type="ThemRole" value="?Destination"/>
                        <ARG type="Constant" value="ch_of_loc"/>
                        <ARG type="VerbSpecific" value="prep"/> 
                    </ARGS>
                </PRED> 
                <PRED value="cause">
                    <ARGS>
                        <ARG type="ThemRole" value="Agent"/>
                        <ARG type="Event" value="E"/>
                    </ARGS>
                </PRED>
            </SEMANTICS>
        </FRAME>
        <FRAME>
            <DESCRIPTION descriptionNumber="0.4" primary="NP V ADJ" secondary="ADJP; Resultative" xtag=""/>
            <EXAMPLES>
                <EXAMPLE>The drawer rolled open.</EXAMPLE>
            </EXAMPLES>
            <SYNTAX>
                <NP value="Theme">
                    <SYNRESTRS/>
                </NP>
                <VERB/>
                <NP value="Result">
                    <SYNRESTRS/>
                </NP>
            </SYNTAX>
            <SEMANTICS>
                <PRED value="motion">
                    <ARGS>
                        <ARG type="Event" value="during(E)"/>
                        <ARG type="ThemRole" value="Theme"/>
                    </ARGS>
                </PRED>
                <PRED value="path_rel">
                    <ARGS>
                        <ARG type="Event" value="start(E)"/>
                        <ARG type="ThemRole" value="Theme"/>
                        <ARG type="ThemRole" value="?Source"/>
                        <ARG type="Constant" value="ch_of_state"/>
                        <ARG type="VerbSpecific" value="prep"/>
                    </ARGS>
                </PRED>
                <PRED value="path_rel">
                    <ARGS>
                        <ARG type="Event" value="end(E)"/>
                        <ARG type="ThemRole" value="Theme"/>
                        <ARG type="ThemRole" value="Result"/>
                        <ARG type="Constant" value="ch_of_state"/>
                        <ARG type="VerbSpecific" value="prep"/>
                    </ARGS>
                </PRED>
            </SEMANTICS>
        </FRAME>
        <FRAME>
            <DESCRIPTION descriptionNumber="0.4" primary="NP V PP.result" secondary="PP; Result-PP" xtag=""/>
            <EXAMPLES>
                <EXAMPLE>The drawer rolled to an open position.</EXAMPLE>
            </EXAMPLES>
            <SYNTAX>
                <NP value="Theme">
                    <SYNRESTRS/>
                </NP>
                <VERB/>
                <PREP value="to into">
                    <SELRESTRS/>
                </PREP>
                <NP value="Result">
                    <SELRESTRS>
                        <SELRESTR Value="+" type="state"/>
                    </SELRESTRS>
                </NP>
            </SYNTAX>
            <SEMANTICS>
                <PRED value="motion">
                    <ARGS>
                        <ARG type="Event" value="during(E)"/>
                        <ARG type="ThemRole" value="Theme"/>
                    </ARGS>
                </PRED>
                <PRED value="path_rel">
                    <ARGS>
                        <ARG type="Event" value="start(E)"/>
                        <ARG type="ThemRole" value="Theme"/>
                        <ARG type="ThemRole" value="?Source"/>
                        <ARG type="Constant" value="ch_of_state"/>
                        <ARG type="VerbSpecific" value="prep"/>
                    </ARGS>
                </PRED>
                <PRED value="path_rel">
                    <ARGS>
                        <ARG type="Event" value="end(E)"/>
                        <ARG type="ThemRole" value="Theme"/>
                        <ARG type="ThemRole" value="Result"/>
                        <ARG type="Constant" value="ch_of_state"/>
                        <ARG type="VerbSpecific" value="prep"/>
                    </ARGS>
                </PRED>
            </SEMANTICS>
        </FRAME>
        <FRAME>
            <DESCRIPTION descriptionNumber="0.4" primary="NP V NP ADJ" secondary="NP-ADJP; Resultative" xtag=""/>
            <EXAMPLES>
                <EXAMPLE>Bill rolled the drawer open.</EXAMPLE>
            </EXAMPLES>
            <SYNTAX>
                <NP value="Agent">
                    <SYNRESTRS/>
                </NP>
                <VERB/>
                <NP value="Theme">
                    <SYNRESTRS/>
                </NP>
                <NP value="Result">
                    <SYNRESTRS/>
                </NP>
            </SYNTAX>
            <SEMANTICS>
                <PRED value="motion">
                    <ARGS>
                        <ARG type="Event" value="during(E)"/>
                        <ARG type="ThemRole" value="Theme"/>
                    </ARGS>
                </PRED>
                <PRED value="cause">
                    <ARGS>
                        <ARG type="ThemRole" value="Agent"/>
                        <ARG type="Event" value="E"/>
                    </ARGS>
                </PRED>
                <PRED value="path_rel">
                    <ARGS>
                        <ARG type="Event" value="start(E)"/>
                        <ARG type="ThemRole" value="Theme"/>
                        <ARG type="ThemRole" value="?Source"/>
                        <ARG type="Constant" value="ch_of_state"/>
                        <ARG type="VerbSpecific" value="prep"/> 
                    </ARGS>  
                </PRED>
                <PRED value="path_rel">
                    <ARGS>
                        <ARG type="Event" value="end(E)"/>
                        <ARG type="ThemRole" value="Theme"/>
                        <ARG type="ThemRole" value="Result"/>
                        <ARG type="Constant" value="ch_of_state"/>
                        <ARG type="VerbSpecific" value="prep"/>
                    </ARGS>
                </PRED>
            </SEMANTICS>
        </FRAME>
        <FRAME>
            <DESCRIPTION descriptionNumber="0.4" primary="NP V NP PP.result" secondary="NP-PP; Result-PP" xtag=""/>
            <EXAMPLES>
                <EXAMPLE>Bill rolled the drawer to an open position.</EXAMPLE>
            </EXAMPLES>
            <SYNTAX>
                <NP value="Agent">
                    <SYNRESTRS/>
                </NP>
                <VERB/>
                <NP value="Theme">
                    <SYNRESTRS/>
                </NP>
                <PREP value="to into">
                    <SELRESTRS/>
                </PREP>
                <NP value="Result">
                    <SELRESTRS>
                        <SELRESTR Value="+" type="state"/>
                    </SELRESTRS>
                </NP>
            </SYNTAX>
            <SEMANTICS>
                <PRED value="motion">
                    <ARGS>
                        <ARG type="Event" value="during(E)"/>
                        <ARG type="ThemRole" value="Theme"/>
                    </ARGS>
                </PRED>
                <PRED value="cause">
                    <ARGS>
                        <ARG type="ThemRole" value="Agent"/>
                        <ARG type="Event" value="E"/>
                    </ARGS>
                </PRED>
                <PRED value="path_rel">
                    <ARGS>
                        <ARG type="Event" value="start(E)"/>
                        <ARG type="ThemRole" value="Theme"/>
                        <ARG type="ThemRole" value="?Source"/>
                        <ARG type="Constant" value="ch_of_state"/>
                        <ARG type="VerbSpecific" value="prep"/>
                    </ARGS> 
                </PRED> 
                <PRED value="path_rel">
                    <ARGS>
                        <ARG type="Event" value="end(E)"/>
                        <ARG type="ThemRole" value="Theme"/>
                        <ARG type="ThemRole" value="Result"/>
                        <ARG type="Constant" value="ch_of_state"/>
                        <ARG type="VerbSpecific" value="prep"/>
                    </ARGS>
                </PRED>
            </SEMANTICS>
        </FRAME>
    </FRAMES>
    <SUBCLASSES/>
</VNCLASS>
