<!DOCTYPE VNCLASS SYSTEM "vn_class-3.dtd">
<VNCLASS xmlns:xsi="http://www.w3.org/2001/XMLSchema-instance" ID="slide-11.2" xsi:noNamespaceSchemaLocation="vn_schema-3.xsd">
    <MEMBERS>
        <MEMBER name="move" wn="move%2:38:03 move%2:38:01 move%2:38:00 move%2:29:06" grouping="move.01 move.02"/>
        <MEMBER name="scoot" wn="scoot%2:38:00" grouping=""/>
        <MEMBER name="pull" wn="pull%2:38:01 pull%2:38:00" grouping="pull.05"/>
    </MEMBERS>
    <THEMROLES>
        <THEMROLE type="Agent">
            <SELRESTRS>
                <SELRESTR Value="+" type="int_control"/>
            </SELRESTRS>
        </THEMROLE>
        <THEMROLE type="Theme">
            <SELRESTRS>
                <SELRESTR Value="+" type="concrete"/>
            </SELRESTRS>
        </THEMROLE>
        <THEMROLE type="Initial_Location">
            <SELRESTRS>
                <SELRESTR Value="+" type="location"/>
            </SELRESTRS>
        </THEMROLE>
        <THEMROLE type="Destination">
            <SELRESTRS logic="or">
                <SELRESTR Value="+" type="animate"/>
                <SELRESTRS>
                    <SELRESTR Value="+" type="location"/>
                    <SELRESTR Value="-" type="region"/>
                </SELRESTRS>
            </SELRESTRS>
        </THEMROLE>
          <THEMROLE type="Trajectory">
            <SELRESTRS/>
        </THEMROLE>
    </THEMROLES>
    <FRAMES>
        <FRAME>
            <DESCRIPTION descriptionNumber="0.1" primary="NP V" secondary="Intransitive" xtag="0.1"/>
            <EXAMPLES>
                <EXAMPLE>The books slid.</EXAMPLE>
            </EXAMPLES>
            <SYNTAX>
                <NP value="Theme">
                    <SYNRESTRS/>
                </NP>
                <VERB/>
            </SYNTAX>
            <SEMANTICS>
                <PRED value="motion">
                    <ARGS>
                        <ARG type="Event" value="during(E)"/>
                        <ARG type="ThemRole" value="Theme"/>
                    </ARGS>
                </PRED>
            </SEMANTICS>
        </FRAME>
        <FRAME>
            <DESCRIPTION descriptionNumber="0.1" primary="NP V PP.initial_location" secondary="PP; path-PP" xtag=""/>
            <EXAMPLES>
                <EXAMPLE>The books slid from the table.</EXAMPLE>
            </EXAMPLES>
            <SYNTAX>
                <NP value="Theme">
                    <SYNRESTRS/>
                </NP>
                <VERB/>
                <PREP>
                    <SELRESTRS>
                        <SELRESTR Value="+" type="path"/>
                        <SELRESTR Value="-" type="dest_dir"/>
                    </SELRESTRS>
                </PREP>
                <NP value="Initial_Location">
                    <SYNRESTRS/>
                </NP>
            </SYNTAX>
            <SEMANTICS>
                <PRED value="motion">
                    <ARGS>
                        <ARG type="Event" value="during(E)"/>
                        <ARG type="ThemRole" value="Theme"/>
                    </ARGS>
                </PRED>
                <PRED value="path_rel">
                    <ARGS>
                        <ARG type="Event" value="start(E)"/>
                        <ARG type="ThemRole" value="Theme"/>
                        <ARG type="ThemRole" value="Initial_Location"/>
                        <ARG type="Constant" value="ch_of_loc"/>
                        <ARG type="VerbSpecific" value="prep"/>
                    </ARGS>
                </PRED>
            </SEMANTICS>
        </FRAME>
        <FRAME>
            <DESCRIPTION descriptionNumber="0.1" primary="NP V PP.destination" secondary="PP; path-PP" xtag=""/>
            <EXAMPLES>
                <EXAMPLE>The books slid to the floor.</EXAMPLE>
            </EXAMPLES>
            <SYNTAX>
                <NP value="Theme">
                    <SYNRESTRS/>
                </NP>
                <VERB/>
                <PREP value="to">
                    <SELRESTRS/>
                </PREP>
                <NP value="Destination">
                    <SYNRESTRS/>
                </NP>
            </SYNTAX>
            <SEMANTICS>
                <PRED value="motion">
                    <ARGS>
                        <ARG type="Event" value="during(E)"/>
                        <ARG type="ThemRole" value="Theme"/>
                    </ARGS>
                </PRED>
                <PRED value="path_rel">
                    <ARGS>
                        <ARG type="Event" value="end(E)"/>
                        <ARG type="ThemRole" value="Theme"/>
                        <ARG type="ThemRole" value="Destination"/>
                        <ARG type="Constant" value="ch_of_loc"/>
                        <ARG type="VerbSpecific" value="prep"/>
                    </ARGS>
                </PRED>
            </SEMANTICS>
        </FRAME>
        <FRAME>
            <DESCRIPTION descriptionNumber="0.1" primary="NP V PP.initial_location PP.destination" secondary="PP; path-PP" xtag=""/>
            <EXAMPLES>
                <EXAMPLE>The books slid from the table to the floor.</EXAMPLE>
            </EXAMPLES>
            <SYNTAX>
                <NP value="Theme">
                    <SYNRESTRS/>
                </NP>
                <VERB/>
                <PREP>
                    <SELRESTRS>
                        <SELRESTR Value="+" type="src"/>
                    </SELRESTRS>
                </PREP>
                <NP value="Initial_Location">
                    <SYNRESTRS/>
                </NP>
                <PREP value="to">
                    <SELRESTRS/>
                </PREP>
                <NP value="Destination">
                    <SYNRESTRS/>
                </NP>
            </SYNTAX>
            <SEMANTICS>
                <PRED value="motion">
                    <ARGS>
                        <ARG type="Event" value="during(E)"/>
                        <ARG type="ThemRole" value="Theme"/>
                    </ARGS>
                </PRED>
                <PRED value="path_rel">
                    <ARGS>
                        <ARG type="Event" value="start(E)"/>
                        <ARG type="ThemRole" value="Theme"/>
                        <ARG type="ThemRole" value="Initial_Location"/>
                        <ARG type="Constant" value="ch_of_loc"/>
                        <ARG type="VerbSpecific" value="prep"/>
                    </ARGS>
                </PRED>
                <PRED value="path_rel">
                    <ARGS>
                        <ARG type="Event" value="end(E)"/>
                        <ARG type="ThemRole" value="Theme"/>
                        <ARG type="ThemRole" value="Destination"/>
                        <ARG type="Constant" value="ch_of_loc"/>
                        <ARG type="VerbSpecific" value="prep"/>
                    </ARGS>
                </PRED>
            </SEMANTICS>
        </FRAME>
        <FRAME>
            <DESCRIPTION descriptionNumber="0.2" primary="NP.agent V NP" secondary="Basic Transitive; Causative" xtag="0.2"/>
            <EXAMPLES>
                <EXAMPLE>Carla slid the books.</EXAMPLE>
            </EXAMPLES>
            <SYNTAX>
                <NP value="Agent">
                    <SYNRESTRS/>
                </NP>
                <VERB/>
                <NP value="Theme">
                    <SYNRESTRS/>
                </NP>
            </SYNTAX>
            <SEMANTICS>
                <PRED value="motion">
                    <ARGS>
                        <ARG type="Event" value="during(E)"/>
                        <ARG type="ThemRole" value="Theme"/>
                    </ARGS>
                </PRED>
                <PRED value="cause">
                    <ARGS>
                        <ARG type="ThemRole" value="Agent"/>
                        <ARG type="Event" value="E"/>
                    </ARGS>
                </PRED>
            </SEMANTICS>
        </FRAME>
        <FRAME>
            <DESCRIPTION descriptionNumber="0.2" primary="NP V NP PP.initial_location" secondary="NP-PP; path-PP" xtag=""/>
            <EXAMPLES>
                <EXAMPLE>Carla slid the books across the table.</EXAMPLE>
            </EXAMPLES>
            <SYNTAX>
                <NP value="Agent">
                    <SYNRESTRS/>
                </NP>
                <VERB/>
                <NP value="Theme">
                    <SYNRESTRS/>
                </NP>
                <PREP>
                    <SELRESTRS>
                        <SELRESTR Value="+" type="path"/>
                        <SELRESTR Value="-" type="dest_dir"/>
                    </SELRESTRS>
                </PREP>
                 <NP value="Trajectory">
                                    <SELRESTRS/>
                 </NP>
            </SYNTAX>
            <SEMANTICS>
                <PRED value="motion">
                    <ARGS>
                        <ARG type="Event" value="during(E)"/>
                        <ARG type="ThemRole" value="Theme"/>
                    </ARGS>
                </PRED>
                <PRED value="path_rel">
                    <ARGS>
                        <ARG type="Event" value="start(E)"/>
                        <ARG type="ThemRole" value="Theme"/>
                        <ARG type="ThemRole" value="Initial_Location"/>
                        <ARG type="Constant" value="ch_of_loc"/>
                        <ARG type="VerbSpecific" value="prep"/>
                    </ARGS>
                </PRED>
                <PRED value="cause">
                    <ARGS>
                        <ARG type="ThemRole" value="Agent"/>
                        <ARG type="Event" value="E"/>
                    </ARGS>
                </PRED>
            </SEMANTICS>
        </FRAME>
        <FRAME>
            <DESCRIPTION descriptionNumber="0.2" primary="NP V NP PP.destination" secondary="NP-PP; path-PP" xtag=""/>
            <EXAMPLES>
                <EXAMPLE>Carla slid the books to the floor.</EXAMPLE>
            </EXAMPLES>
            <SYNTAX>
                <NP value="Agent">
                    <SYNRESTRS/>
                </NP>
                <VERB/>
                <NP value="Theme">
                    <SYNRESTRS/>
                </NP>
                <PREP value="to">
                    <SELRESTRS/>
                </PREP>
                <NP value="Destination">
                    <SYNRESTRS/>
                </NP>
            </SYNTAX>
            <SEMANTICS>
                <PRED value="motion">
                    <ARGS>
                        <ARG type="Event" value="during(E)"/>
                        <ARG type="ThemRole" value="Theme"/>
                    </ARGS>
                </PRED>
                <PRED value="path_rel">
                    <ARGS>
                        <ARG type="Event" value="end(E)"/>
                        <ARG type="ThemRole" value="Theme"/>
                        <ARG type="ThemRole" value="Destination"/>
                        <ARG type="Constant" value="ch_of_loc"/>
                        <ARG type="VerbSpecific" value="prep"/>                              
                    </ARGS>
                </PRED>
                <PRED value="cause">
                    <ARGS>
                        <ARG type="ThemRole" value="Agent"/>
                        <ARG type="Event" value="E"/>
                    </ARGS>
                </PRED>
            </SEMANTICS>
        </FRAME>
        <FRAME>
            <DESCRIPTION descriptionNumber="0.2" primary="NP V NP PP.initial_location PP.destination" secondary="NP-PP; path-PP" xtag=""/>
            <EXAMPLES>
                <EXAMPLE>Carla slid the books from one end of the table to the other.</EXAMPLE>
            </EXAMPLES>
            <SYNTAX>
                <NP value="Agent">
                    <SYNRESTRS/>
                </NP>
                <VERB/>
                <NP value="Theme">
                    <SYNRESTRS/>
                </NP>
                <PREP>
                    <SELRESTRS>
                        <SELRESTR Value="+" type="src"/>
                    </SELRESTRS>
                </PREP>
                <NP value="Initial_Location">
                    <SYNRESTRS/>
                </NP>
                <PREP value="to">
                    <SELRESTRS/>
                </PREP>
                <NP value="Destination">
                    <SYNRESTRS/>
                </NP>
            </SYNTAX>
            <SEMANTICS>
                <PRED value="motion">
                    <ARGS>
                        <ARG type="Event" value="during(E)"/>
                        <ARG type="ThemRole" value="Theme"/>
                    </ARGS>
                </PRED>
                <PRED value="path_rel">
                    <ARGS>
                        <ARG type="Event" value="start(E)"/>
                        <ARG type="ThemRole" value="Theme"/>
                        <ARG type="ThemRole" value="Initial_Location"/>
                        <ARG type="Constant" value="ch_of_loc"/>
                        <ARG type="VerbSpecific" value="prep"/>
                    </ARGS>
                </PRED>
                <PRED value="path_rel">
                    <ARGS>
                        <ARG type="Event" value="end(E)"/>
                        <ARG type="ThemRole" value="Theme"/>
                        <ARG type="ThemRole" value="Destination"/>
                        <ARG type="Constant" value="ch_of_loc"/>
                        <ARG type="VerbSpecific" value="prep"/>
                    </ARGS>
                </PRED>
                <PRED value="cause">
                    <ARGS>
                        <ARG type="ThemRole" value="Agent"/>
                        <ARG type="Event" value="E"/>
                    </ARGS>
                </PRED>
            </SEMANTICS>
        </FRAME>
    </FRAMES>
    <SUBCLASSES>
        <VNSUBCLASS ID="slide-11.2-1">
            <MEMBERS>
                <MEMBER name="bounce" wn="bounce%2:38:00 bounce%2:35:03 ?bounce%2:38:02 bounce%2:38:01" grouping="bounce.01 bounce.06"/>
                <MEMBER name="dart" wn="dart%2:38:02" grouping="dart.02"/>
                <MEMBER name="float" wn="float%2:38:00 float%2:38:01 float%2:38:02 float%2:35:04" grouping="float.01"/>
                <MEMBER name="roll" wn="roll%2:38:00" grouping="roll.01"/>
                <MEMBER name="slide" wn="slide%2:38:01 slide%2:38:00 slide%2:38:02" grouping="slide.01 slide.02"/>
            </MEMBERS>
            <THEMROLES>
                <THEMROLE type="Destination">
                    <SELRESTRS>
                        <SELRESTR Value="+" type="animate"/>
                    </SELRESTRS>
                </THEMROLE>
            </THEMROLES>
            <FRAMES>
                <FRAME>
                    <DESCRIPTION descriptionNumber="2.1" primary="NP V NP-dative NP" secondary="Dative" xtag=""/>
                    <EXAMPLES>
                        <EXAMPLE>Carla slid John the books.</EXAMPLE>
                    </EXAMPLES>
                    <SYNTAX>
                        <NP value="Agent">
                            <SYNRESTRS/>
                        </NP>
                        <VERB/>
                        <NP value="Destination">
                            <SYNRESTRS/>
                        </NP>
                        <NP value="Theme">
                            <SYNRESTRS/>
                        </NP>
                    </SYNTAX>
                    <SEMANTICS>
                        <PRED value="motion">
                            <ARGS>
                                <ARG type="Event" value="during(E)"/>
                                <ARG type="ThemRole" value="Theme"/>
                            </ARGS>
                        </PRED>
                        <PRED value="direction">
                            <ARGS>
                                <ARG type="Event" value="during(E)"/>
                                <ARG type="Constant" value="toward"/>
                                <ARG type="ThemRole" value="Theme"/>
                                <ARG type="ThemRole" value="Destination"/>
                            </ARGS>
                        </PRED>
                        <PRED value="path_rel">
                            <ARGS>
                                <ARG type="Event" value="end(E)"/>
                                <ARG type="ThemRole" value="Theme"/>
                                <ARG type="ThemRole" value="Destination"/>
                                <ARG type="Constant" value="ch_of_loc"/>
                                <ARG type="VerbSpecific" value="prep"/>
                            </ARGS>
                        </PRED>
                        <PRED value="cause">
                            <ARGS>
                                <ARG type="ThemRole" value="Agent"/>
                                <ARG type="Event" value="E"/>
                            </ARGS>
                        </PRED>
                    </SEMANTICS>
                </FRAME>
            </FRAMES>
            <SUBCLASSES/>
        </VNSUBCLASS>
    </SUBCLASSES>
</VNCLASS>