<!DOCTYPE VNCLASS SYSTEM "vn_class-3.dtd">
<VNCLASS xmlns:xsi="http://www.w3.org/2001/XMLSchema-instance" ID="smell_emission-43.3" xsi:noNamespaceSchemaLocation="vn_schema-3.xsd">
    <MEMBERS>
        <MEMBER name="reek" wn="reek%2:39:00" grouping=""/>
        <MEMBER name="smell" wn="smell%2:39:00 smell%2:39:02" grouping="smell.03 smell.04 smell.06"/>
        <MEMBER name="stink" wn="stink%2:39:00" grouping="stink.02"/>
    </MEMBERS>
    <THEMROLES>
        <THEMROLE type="Theme">
            <SELRESTRS>
                <SELRESTR Value="-" type="animate"/>
            </SELRESTRS>
        </THEMROLE>
        <THEMROLE type="Location">
            <SELRESTRS/>
        </THEMROLE>
    </THEMROLES>
    <FRAMES>
        <FRAME>
            <DESCRIPTION descriptionNumber="0.1" primary="NP V" secondary="Basic Intransitive" xtag=""/>
            <EXAMPLES>
                <EXAMPLE>The onions reeked.</EXAMPLE>
            </EXAMPLES>
            <SYNTAX>
                <NP value="Theme">
                    <SYNRESTRS/>
                </NP>
                <VERB/>
            </SYNTAX>
            <SEMANTICS>
                <PRED value="emit">
                    <ARGS>
                        <ARG type="Event" value="during(E)"/>
                        <ARG type="ThemRole" value="Theme"/>
                        <ARG type="VerbSpecific" value="Odor"/>
                    </ARGS>
                </PRED>
            </SEMANTICS>
        </FRAME>
        <FRAME>
            <DESCRIPTION descriptionNumber="0.1" primary="NP.location V" secondary="Intransitive; Location subject" xtag=""/>
            <EXAMPLES>
                <EXAMPLE>The room reeked.</EXAMPLE>
            </EXAMPLES>
            <SYNTAX>
                <NP value="Location">
                    <SYNRESTRS/>
                </NP>
                <VERB/>
            </SYNTAX>
            <SEMANTICS>
                <PRED value="emit">
                    <ARGS>
                        <ARG type="Event" value="during(E)"/>
                        <ARG type="ThemRole" value="?Theme"/>
                        <ARG type="VerbSpecific" value="Odor"/>
                    </ARGS>
                </PRED>
                <PRED value="location">
                    <ARGS>
                        <ARG type="Event" value="during(E)"/>
                        <ARG type="VerbSpecific" value="Odor"/>
                        <ARG type="ThemRole" value="Location"/>
                    </ARGS>
                </PRED>
            </SEMANTICS>
        </FRAME>
        <FRAME>
            <DESCRIPTION descriptionNumber="0.1" primary="NP V PP.theme" secondary="PP; of-PP" xtag=""/>
            <EXAMPLES>
                <EXAMPLE>The room reeked of onions.</EXAMPLE>
            </EXAMPLES>
            <SYNTAX>
                <NP value="Location">
                    <SYNRESTRS/>
                </NP>
                <VERB/>
                <PREP value="of">
                    <SELRESTRS/>
                </PREP>
                <NP value="Theme">
                    <SYNRESTRS/>
                </NP>
            </SYNTAX>
            <SEMANTICS>
                <PRED value="emit">
                    <ARGS>
                        <ARG type="Event" value="during(E)"/>
                        <ARG type="ThemRole" value="Theme"/>
                        <ARG type="VerbSpecific" value="Odor"/>
                    </ARGS>
                </PRED>
                <PRED value="location">
                    <ARGS>
                        <ARG type="Event" value="during(E)"/>
                        <ARG type="VerbSpecific" value="Odor"/>
                        <ARG type="ThemRole" value="Location"/>
                    </ARGS>
                </PRED>
            </SEMANTICS>
        </FRAME>
        <!--Odor comes from the verb-->
    </FRAMES>
    <SUBCLASSES/>
</VNCLASS>