<!DOCTYPE VNCLASS SYSTEM "vn_class-3.dtd">
<VNCLASS xmlns:xsi="http://www.w3.org/2001/XMLSchema-instance" ID="snooze-40.4" xsi:noNamespaceSchemaLocation="vn_schema-3.xsd">
    <MEMBERS>
        <MEMBER name="catnap" wn="catnap%2:29:00" grouping=""/>
        <MEMBER name="doze" wn="doze%2:29:00" grouping=""/>
        <MEMBER name="drowse" wn="drowse%2:29:01" grouping=""/>
        <MEMBER name="slumber" wn="slumber%2:29:00" grouping=""/>
        <MEMBER name="snooze" wn="snooze%2:29:00" grouping=""/>
    </MEMBERS>
    <THEMROLES>
        <THEMROLE type="Agent">
            <SELRESTRS>
                <SELRESTR Value="+" type="animate"/>
            </SELRESTRS>
        </THEMROLE>
    </THEMROLES>
    <FRAMES>
        <FRAME>
            <DESCRIPTION descriptionNumber="0.1" primary="NP V" secondary="Basic Intransitive" xtag="0.1"/>
            <EXAMPLES>
                <EXAMPLE>Gloria snoozed.</EXAMPLE>
            </EXAMPLES>
            <SYNTAX>
                <NP value="Agent">
                    <SYNRESTRS/>
                </NP>
                <VERB/>
            </SYNTAX>
            <SEMANTICS>
                <PRED value="path_rel">
                    <ARGS>
                        <ARG type="Event" value="start(E)"/>
                        <ARG type="ThemRole" value="?Initial_State"/>
                        <ARG type="ThemRole" value="Agent"/>
                        <ARG type="Constant" value="ch_of_state"/>
                        <ARG type="VerbSpecific" value="prep"/>
                    </ARGS>
                </PRED>
                <PRED value="path_rel">
                    <ARGS>
                        <ARG type="Event" value="result(E)"/>
                        <ARG type="ThemRole" value="?Result"/>
                        <ARG type="ThemRole" value="Agent"/>
                        <ARG type="Constant" value="ch_of_state"/>
                        <ARG type="VerbSpecific" value="prep"/>
                    </ARGS>
                </PRED>
                <PRED value="body_process">
                    <ARGS>
                        <ARG type="Event" value="E"/>
                        <ARG type="ThemRole" value="Agent"/> 
                    </ARGS>
                </PRED> 
                <PRED value="sleep">
                    <ARGS>
                        <ARG type="Event" value="result(E)"/>
                        <ARG type="ThemRole" value="Agent"/>
                    </ARGS>
                </PRED>
            </SEMANTICS>
        </FRAME>
    </FRAMES>
    <SUBCLASSES>
        <VNSUBCLASS ID="snooze-40.4-1">
            <MEMBERS>
                <MEMBER name="nap" wn="nap%2:29:00" grouping=""/>
                <MEMBER name="sleep" wn="sleep%2:29:00" grouping="sleep.01"/>
            </MEMBERS>
            <THEMROLES>
                <THEMROLE type="Theme">
                    <SELRESTRS/>
                </THEMROLE> 
            </THEMROLES>
            <FRAMES>
                <FRAME>
                    <DESCRIPTION descriptionNumber="" primary="NP V NP"
                    secondary="Transitiognate Object" xtag=""/>
                    <EXAMPLES>
                        <EXAMPLE>Gloria slept the sleep of the dead.</EXAMPLE>
                    </EXAMPLES>
                    <SYNTAX>
                       <NP value="Agent">
                           <SYNRESTRS/>
                       </NP>
                       <VERB/>
                       <NP value="Theme">
                           <SYNRESTRS/>
                       </NP>
                    </SYNTAX> 
                    <SEMANTICS>
                        <PRED value="path_rel">
                            <ARGS>
                                <ARG type="Event" value="start(E)"/>
                                <ARG type="ThemRole"
                                value="?Initial_State"/>
                                <ARG type="ThemRole" value="Agent"/>
                                <ARG type="Constant" value="ch_of_state"/>
                                <ARG type="VerbSpecific" value="prep"/> 
                            </ARGS>
                        </PRED>
                        <PRED value="path_rel">
                            <ARGS>
                                <ARG type="Event" value="result(E)"/>
                                <ARG type="ThemRole"
                                value="Result"/>
                                <ARG type="ThemRole" value="Agent"/>
                                <ARG type="Constant" value="ch_of_state"/>
                                <ARG type="VerbSpecific" value="prep"/>
                            </ARGS>
                        </PRED>
                        <PRED value="body_process">
                            <ARGS>
                                <ARG type="Event" value="E"/>
                                <ARG type="ThemRole" value="Agent"/>
                            </ARGS>
                        </PRED>
                        <PRED value="sleep">
                            <ARGS>
                                <ARG type="Event" value="result(E)"/>
                                <ARG type="ThemRole" value="Agent"/>
                            </ARGS>
                        </PRED>
                        <PRED value="manner">
                            <ARGS>
                                <ARG type="Event" value="during(E)"/>
                                <ARG type="Constant" value="quality"/>
                                <ARG type="ThemRole" value="Theme"/>
                            </ARGS> 
                        </PRED>
                    </SEMANTICS>
                </FRAME>
            </FRAMES>
            <SUBCLASSES/>
        </VNSUBCLASS>
    </SUBCLASSES>
</VNCLASS>
