<!DOCTYPE VNCLASS SYSTEM "vn_class-3.dtd">
<VNCLASS xmlns:xsi="http://www.w3.org/2001/XMLSchema-instance" ID="stop-55.4" xsi:noNamespaceSchemaLocation="vn_schema-3.xsd">
    <MEMBERS>
	<MEMBER name="cut" wn="cut%2:30:00" grouping="cut.05"/>
	<MEMBER name="raise" wn="raise%2:30:13" grouping="raise.08"/>
	<MEMBER name="kill" wn="kill%2:30:08 kill%2:30:03" grouping="kill.04 kill.07"/>
    </MEMBERS>
    <THEMROLES>
        <THEMROLE type="Affector">
            <SELRESTRS logic="or">
                <SELRESTR Value="+" type="animate"/>
                <SELRESTR Value="+" type="organization"/>
            </SELRESTRS>
        </THEMROLE>
        <THEMROLE type="Theme">
            <SELRESTRS>
                <SELRESTR Value="+" type="eventive"/>
            </SELRESTRS>
        </THEMROLE>
    </THEMROLES>
    <FRAMES>
	<FRAME>
            <DESCRIPTION descriptionNumber="" primary="NP V NP.theme" secondary="NP.theme" xtag=""/>
            <EXAMPLES>
                <EXAMPLE>John cut the engine.</EXAMPLE>
            </EXAMPLES>
            <SYNTAX>
		<NP value="Affector">
		    <SYNRESTRS/>
		</NP>
		<VERB/>
                <NP value="Theme">
                    <SYNRESTRS/>
                </NP>
            </SYNTAX>
            <SEMANTICS>
                <PRED value="end">
                    <ARGS>
                        <ARG type="Event" value="E"/>
                        <ARG type="ThemRole" value="Theme"/>
                    </ARGS>
                </PRED>
		<PRED value="cause">
		    <ARGS>
			<ARG type="ThemRole" value="Affector"/>
			<ARG type="Event" value="E"/>
		    </ARGS>
		</PRED>
            </SEMANTICS>
        </FRAME>
    </FRAMES>
    <SUBCLASSES>
	<VNSUBCLASS ID="stop-55.4-1">
	    <MEMBERS>
		<MEMBER name="close" wn="close%2:41:01 close%2:42:00 close%2:42:01 close%2:30:08" grouping="close.03"/>
		<MEMBER name="cut_off" wn="cut_off%2:32:00 cut_off%2:30:00" grouping="cut.05"/>
		<MEMBER name="cut_out" wn="cut_out%2:30:01" grouping="cut.05"/>
		<MEMBER name="deactivate" wn="deactive%2:30:00" grouping=""/>
		<MEMBER name="halt" wn="halt%2:38:05 halt%2:38:01 halt%2:41:00" grouping="halt.01"/>
		<MEMBER name="lift" wn="" grouping="lift.03"/>
		<MEMBER name="repeat" wn="repeat%2:30:00 repeat%2:41:00" grouping="repeat.01"/>
		<MEMBER name="terminate" wn="terminate%2:30:01 terminate%2:42:00 terminate%2:42:05" grouping="terminate.01"/>
	    </MEMBERS>	
	    <THEMROLES/>
	    <FRAMES>
		<FRAME>
		    <DESCRIPTION descriptionNumber="" primary="NP.theme V" secondary="Intransitive; Inchoative" xtag=""/>
		    <EXAMPLES>
		        <EXAMPLE>The storm ended.</EXAMPLE>
		    </EXAMPLES>
		    <SYNTAX>
		        <NP value="Theme">
		            <SYNRESTRS/>
		        </NP>
		        <VERB/>
		    </SYNTAX>
		    <SEMANTICS>
		        <PRED value="end">
		            <ARGS>
		                <ARG type="Event" value="E"/>
		                <ARG type="ThemRole" value="Theme"/>
		            </ARGS>
		        </PRED>
		    </SEMANTICS>
		</FRAME>
	        <FRAME>
                    <DESCRIPTION descriptionNumber="" primary="NP V ADJ-Middle" secondary="(SUBCAT ADL)" xtag=""/>
                    <EXAMPLES>
                        <EXAMPLE>The party stopped easily.</EXAMPLE>
                    </EXAMPLES>
                    <SYNTAX>
                        <NP value="Theme">
                            <SYNRESTRS/>
                        </NP>
                        <VERB/>
                        <ADV/>
                    </SYNTAX>
                    <SEMANTICS>
                        <PRED value="end">
                            <ARGS>
                                <ARG type="Event" value="E"/>
                                <ARG type="ThemRole" value="Theme"/>
                            </ARGS>
                        </PRED>
                    </SEMANTICS>
                </FRAME>
	    </FRAMES>
	    <SUBCLASSES>
		<VNSUBCLASS ID="stop-55.4-1-1">
		    <MEMBERS>
		        <MEMBER name="cease" wn="cease%2:42:00" grouping="cease.01"/>
		        <MEMBER name="conclude" wn="conclude%2:31:01 conclude%2:32:01 conclude%2:42:02" grouping="conclude.01"/>
		        <MEMBER name="discontinue" wn="discontinue%2:42:00 discontinue%2:30:00" grouping="discontinue.01"/>
		        <MEMBER name="end" wn="end%2:30:01 end%2:36:13" grouping="end.02"/>
		        <MEMBER name="finish" wn="finish%2:30:02 finish%2:34:00 finish%2:30:03" grouping="finish.01"/>
		        <MEMBER name="stop" wn="stop%2:38:00 stop%2:42:00 stop%2:30:05 stop%2:33:00" grouping="stop.01"/>
		        <MEMBER name="quit" wn="quit%2:42:04" grouping="quit.01"/>
		    </MEMBERS>
		    <THEMROLES/>
		    <FRAMES>
			<FRAME>
			    <DESCRIPTION descriptionNumber="8.1" primary="NP V S_ING" secondary="ING-SC/BE-ING-SC" xtag=""/>
			    <EXAMPLES>
				<EXAMPLE>He stopped going to the area.</EXAMPLE>
			    </EXAMPLES>
			    <SYNTAX>
				<NP value="Agent">
				    <SYNRESTRS/>
				</NP>
				<VERB/>
				<NP value="Theme">
				    <SYNRESTRS>
				        <SYNRESTR Value="+" type="be_sc_ing"/>
				    </SYNRESTRS>
				</NP>
			    </SYNTAX>
			    <SEMANTICS>
				<PRED value="end">
				    <ARGS>
				        <ARG type="Event" value="E"/>
				        <ARG type="ThemRole" value="Theme"/>
				    </ARGS>
				</PRED>
				<PRED value="cause">
				    <ARGS>
				        <ARG type="ThemRole" value="Agent"/>
				        <ARG type="Event" value="E"/>
				    </ARGS>
				</PRED>
			    </SEMANTICS>
			</FRAME>
    		    </FRAMES>
		    <SUBCLASSES/>
		</VNSUBCLASS>
            </SUBCLASSES>
        </VNSUBCLASS>
    </SUBCLASSES>
</VNCLASS>
