<!DOCTYPE VNCLASS SYSTEM "vn_class-3.dtd">
<VNCLASS xmlns:xsi="http://www.w3.org/2001/XMLSchema-instance" ID="substance_emission-43.4" xsi:noNamespaceSchemaLocation="vn_schema-3.xsd">
    <MEMBERS>
	<MEMBER name="give" wn="" grouping="give.09"/>
	<MEMBER name="give_off" wn="" grouping="give.09"/>
	<MEMBER name="give_out" wn="" grouping="give.09"/>
	<MEMBER name="give_forth" wn="" grouping="give.09"/>
	<MEMBER name="emit" wn="" grouping=""/>
    </MEMBERS>
    <THEMROLES>
	<THEMROLE type="Theme">
	    <SELRESTRS/>
	</THEMROLE>
	<THEMROLE type="Source">
	    <SELRESTRS/>
	</THEMROLE>
    </THEMROLES>
    <FRAMES>
        <FRAME>
	    <DESCRIPTION descriptionNumber="0.2" primary="NP V NP" secondary="Transitive" xtag=""/>
	    <EXAMPLES>
	        <EXAMPLE>The well gushed oil.</EXAMPLE>
	    </EXAMPLES>
	    <SYNTAX>
	        <NP value="Source">
	            <SYNRESTRS/>
	        </NP>
	        <VERB/>
	        <NP value="Theme">
	            <SYNRESTRS/>
	        </NP>
	    </SYNTAX>
	    <SEMANTICS>
	        <PRED value="emit">
	            <ARGS>
	                <ARG type="Event" value="during(E)"/>
	                <ARG type="ThemRole" value="Source"/>
	                <ARG type="ThemRole" value="Theme"/>
	            </ARGS>
	        </PRED>
	    </SEMANTICS>
	</FRAME>
    </FRAMES>
    <SUBCLASSES>
	<VNSUBCLASS ID="substance_emission-43.4-1">
	    <MEMBERS>
		<MEMBER name="bead" wn="bead%2:42:00" grouping="bead.01"/>
		<MEMBER name="belch" wn="belch%2:29:00 belch%2:30:00" grouping=""/>
		<MEMBER name="bubble" wn="bubble%2:30:00 bubble%2:29:00" grouping="bubble.02"/>
		<MEMBER name="dribble" wn="dribble%2:35:10 dribble%2:29:00" grouping="dribble.04"/>
		<MEMBER name="drip" wn="drip%2:38:00 drip%2:35:10" grouping="drip.01"/>
		<MEMBER name="drool" wn="drool%2:29:00" grouping="drool.01"/>
		<MEMBER name="emanate" wn="emanate%2:30:00 emanate%2:29:00" grouping=""/>
		<MEMBER name="exrete" wn="excrete%2:29:00" grouping=""/>
		<MEMBER name="exude" wn="exude%2:29:00" grouping=""/>
		<MEMBER name="foam" wn="" grouping=""/>
		<MEMBER name="gush" wn="gush%2:38:00 gush%2:35:00" grouping="gush.01"/>
		<MEMBER name="jet" wn="" grouping=""/>
		<MEMBER name="leak" wn="leak%2:30:04" grouping="leak.01 leak.02"/>
		<MEMBER name="ooze" wn="ooze%2:38:00 ooze%2:29:00" grouping=""/>
		<MEMBER name="percolate" wn="" grouping=""/>
		<MEMBER name="pour" wn="pour%2:38:03 pour%2:38:04 pour%2:38:02" grouping="pour.01 pour.02"/>
		<MEMBER name="puff" wn="?puff%2:30:00" grouping=""/>
		<MEMBER name="radiate" wn="radiate%2:43:00 radiate%2:30:00 radiate%2:39:00 radiate%2:30:02" grouping="radiate.01 radiate.02"/>
		<MEMBER name="seep" wn="seep%2:38:00" grouping=""/>
		<MEMBER name="shed" wn="shed%2:35:02 shed%2:35:00 shed%2:29:00" grouping="shed.01 shed.03"/>
		<MEMBER name="slop" wn="slop%2:35:00 slop%2:35:01" grouping=""/>
		<MEMBER name="spew" wn="spew%2:29:01 spew%2:29:02 spew%2:29:00" grouping="spew.01 spew.02"/>
		<MEMBER name="spill" wn="spill%2:35:04 spill%2:38:00 spill%2:35:00 spill%2:35:01" grouping="spill.01"/>
		<MEMBER name="spout" wn="spout%2:38:00" grouping="spout.01"/>
		<MEMBER name="sprout" wn="sprout%2:30:00 sprout%2:29:01" grouping=""/>
		<MEMBER name="spurt" wn="spurt%2:38:01" grouping=""/>
		<MEMBER name="squirt" wn="squirt%2:35:00" grouping="squirt.01"/>
		<MEMBER name="steam" wn="steam%2:43:00" grouping="steam.02"/>
		<MEMBER name="stream" wn="stream%2:29:00" grouping="stream.05"/>
		<MEMBER name="sweat" wn="sweat%2:29:00" grouping=""/>
		<MEMBER name="trickle" wn="" grouping=""/>
	    </MEMBERS>
	    <THEMROLES>
		<THEMROLE type="Location">
		    <SELRESTRS/>
		</THEMROLE>
	    </THEMROLES>
	    <FRAMES>
		<FRAME>
		    <DESCRIPTION descriptionNumber="0.1" primary="NP V" secondary="Basic Intransitive" xtag=""/>
		    <EXAMPLES>
		        <EXAMPLE>The fountain gushed.</EXAMPLE>
		    </EXAMPLES>
		    <SYNTAX>
		        <NP value="Source">
		            <SYNRESTRS/>
		        </NP>
		        <VERB/>
		    </SYNTAX>
		    <SEMANTICS>
		        <PRED value="emit">
		            <ARGS>
		                <ARG type="Event" value="during(E)"/>
		                <ARG type="ThemRole" value="Source"/>
		                <ARG type="ThemRole" value="?Theme"/>
		            </ARGS>
		        </PRED>
		    </SEMANTICS>
		</FRAME>
		<FRAME>
		    <DESCRIPTION descriptionNumber="1.1.3" primary="NP.theme V PP.source" secondary="PP; Substance Subject, Source-PP" xtag=""/>
		    <EXAMPLES>
		        <EXAMPLE>Oil gushed from the well.</EXAMPLE>
		    </EXAMPLES>
		    <SYNTAX>
		        <NP value="Theme">
		            <SYNRESTRS/>
		        </NP>
		        <VERB/>
		        <PREP value="from out_of">
		            <SELRESTRS/>
		        </PREP>
		        <NP value="Source">
		            <SYNRESTRS/>
		        </NP>
		    </SYNTAX>
		    <SEMANTICS>
		        <PRED value="emit">
		            <ARGS>
		                <ARG type="Event" value="during(E)"/>
		                <ARG type="ThemRole" value="Source"/>
		                <ARG type="ThemRole" value="Theme"/>
		            </ARGS>
		        </PRED>
		    </SEMANTICS>
		</FRAME>
		<FRAME>
		    <DESCRIPTION descriptionNumber="0.2" primary="NP V PP.location" secondary="NP-PP; Location-PP" xtag=""/>
		    <EXAMPLES>
		        <EXAMPLE>Water gushed through the streets.</EXAMPLE>
		    </EXAMPLES>
		    <SYNTAX>
		        <NP value="Theme">
		            <SYNRESTRS/>
		        </NP>
		        <VERB/>
		        <PREP>
		            <SELRESTRS>
		                <SELRESTR Value="+" type="path"/>
		            </SELRESTRS>
		        </PREP>
		        <NP value="Location">
		            <SYNRESTRS/>
		        </NP>
		    </SYNTAX>
		    <SEMANTICS>
		        <PRED value="emit">
		            <ARGS>
		                <ARG type="Event" value="during(E)"/>
		                <ARG type="ThemRole" value="?Source"/>
		                <ARG type="ThemRole" value="Theme"/>
		            </ARGS>
		        </PRED>
		        <PRED value="location">
		            <ARGS>
		                <ARG type="Event" value="during(E)"/>
		                <ARG type="ThemRole" value="Theme"/>
		                <ARG type="ThemRole" value="Location"/>
		            </ARGS>
		        </PRED>
		    </SEMANTICS>
		</FRAME>
		<FRAME>
		    <DESCRIPTION descriptionNumber="2.3" primary="NP.location V PP.theme" secondary="PP; Location Subject, with-PP" xtag=""/>
		    <EXAMPLES>
		        <EXAMPLE>The streets gushed with water.</EXAMPLE>
		    </EXAMPLES>
		    <SYNTAX>
		        <NP value="Location">
		            <SYNRESTRS/>
		        </NP>
		        <VERB/>
		        <PREP value="with">
		            <SELRESTRS/>
		        </PREP>
		        <NP value="Theme">
		            <SYNRESTRS/>
		        </NP>
		    </SYNTAX>
		    <SEMANTICS>
		        <PRED value="emit">
		            <ARGS>
		                <ARG type="Event" value="during(E)"/>
		                <ARG type="ThemRole" value="?Source"/>
		                <ARG type="ThemRole" value="Theme"/>
		            </ARGS>
		        </PRED>
		        <PRED value="location">
		            <ARGS>
		                <ARG type="Event" value="during(E)"/>
		                <ARG type="ThemRole" value="Theme"/>
		                <ARG type="ThemRole" value="Location"/>
		            </ARGS>
		        </PRED>
		    </SEMANTICS>
		    <!--some verbs-->
		</FRAME>
		<FRAME>
		    <DESCRIPTION descriptionNumber="6.2" primary="PP.location V NP" secondary="Locative Inversion" xtag=""/>
		    <EXAMPLES>
		        <EXAMPLE>Over the fire bubbled a fragant stew.</EXAMPLE>
		    </EXAMPLES>
		    <SYNTAX>
		        <PREP>
		            <SELRESTRS>
		                <SELRESTR Value="+" type="loc"/>
		            </SELRESTRS>
		        </PREP>
		        <NP value="Location">
		            <SYNRESTRS/>
		        </NP>
		        <VERB/>
		        <NP value="Theme">
		            <SYNRESTRS/>
		        </NP>
		    </SYNTAX>
		    <SEMANTICS>
		        <PRED value="emit">
		            <ARGS>
		                <ARG type="Event" value="during(E)"/>
		                <ARG type="ThemRole" value="?Source"/>
		                <ARG type="ThemRole" value="Theme"/>
		            </ARGS>
		        </PRED>
		        <PRED value="location">
		            <ARGS>
		                <ARG type="Event" value="during(E)"/>
		                <ARG type="ThemRole" value="Theme"/>
		                <ARG type="ThemRole" value="Location"/>
		            </ARGS>
		        </PRED>
		    </SEMANTICS>
		    <!--some verbs-->
		</FRAME>
		<FRAME>
		    <DESCRIPTION descriptionNumber="6.1" primary="There V NP PP" secondary="NP-PP; Expletive-there Subject" xtag=""/>
		    <EXAMPLES>
		        <EXAMPLE>There bubbled a fragant stew over the fire.</EXAMPLE>
		    </EXAMPLES>
		    <SYNTAX>
		        <LEX value="there"/>
		        <VERB/>
		        <NP value="Theme">
		            <SYNRESTRS/>
		        </NP>
		        <PREP>
		            <SELRESTRS>
		                <SELRESTR Value="+" type="loc"/>
		            </SELRESTRS>
		        </PREP>
		        <NP value="Location">
		            <SYNRESTRS/>
		        </NP>
		    </SYNTAX>
		    <SEMANTICS>
		        <PRED value="emit">
		            <ARGS>
		                <ARG type="Event" value="during(E)"/>
		                <ARG type="ThemRole" value="?Source"/>
		                <ARG type="ThemRole" value="Theme"/>
		            </ARGS>
		        </PRED>
		        <PRED value="location">
		            <ARGS>
		                <ARG type="Event" value="during(E)"/>
		                <ARG type="ThemRole" value="Theme"/>
		                <ARG type="ThemRole" value="Location"/>
		            </ARGS>
		        </PRED>
		    </SEMANTICS>
		</FRAME>
		<FRAME>
		    <DESCRIPTION descriptionNumber="" primary="NP V out" secondary="PARTout" xtag=""/>
		    <EXAMPLES>
		        <EXAMPLE>The water seeped out.</EXAMPLE>
		    </EXAMPLES>
		    <SYNTAX>
		        <NP value="Theme">
		            <SYNRESTRS/>
		        </NP>
		        <VERB/>
		        <LEX value="out"/>
		    </SYNTAX>
		    <SEMANTICS>
		        <PRED value="emit">
		            <ARGS>
		                <ARG type="Event" value="during(E)"/>
		                <ARG type="ThemRole" value="?Source"/>
		                <ARG type="ThemRole" value="Theme"/>
		            </ARGS>
		        </PRED>
		    </SEMANTICS>
		</FRAME>
		<FRAME>
		    <DESCRIPTION descriptionNumber="" primary="NP V NP" secondary="Basic Transitive" xtag=""/>
		    <EXAMPLES>
		        <EXAMPLE>The bill shed 50 pages of pork-barrel addons.</EXAMPLE>
		    </EXAMPLES>
		    <SYNTAX>
		        <NP value="Source">
		            <SYNRESTRS/>
		        </NP>
		        <VERB/>
		        <NP value="Theme">
		            <SYNRESTRS/>
		        </NP>
		    </SYNTAX>
		    <SEMANTICS>
		        <PRED value="emit">
		            <ARGS>
		                <ARG type="Event" value="during(E)"/>
		                <ARG type="ThemRole" value="Source"/>
		                <ARG type="ThemRole" value="Theme"/>
		            </ARGS>
		        </PRED>
		    </SEMANTICS>
		</FRAME>
	    </FRAMES>
	    <SUBCLASSES>
	       <VNSUBCLASS ID="substance_emission-43.4-1-1">
		   <MEMBERS>
		      <MEMBER name="bleed" wn="bleed%2:29:00 bleed%2:29:01 bleed%2:38:00 bleed%2:30:00" grouping="bleed.01 bleed.03 bleed.05 bleed.06"/>
		   </MEMBERS>
		   <THEMROLES>
		     <THEMROLE type="Agent">
		        <SELRESTRS/>
		</THEMROLE>
		   </THEMROLES>
		   <FRAMES>
		   <FRAME>
		    <DESCRIPTION descriptionNumber="" primary="NP V NP.source" secondary="NP; Causative variant" xtag=""/>
		    <EXAMPLES>
		        <EXAMPLE>I bled him.</EXAMPLE>
		    </EXAMPLES>
		    <SYNTAX>
		        <NP value="Agent">
		            <SYNRESTRS/>
		        </NP>
		        <VERB/>
		        <NP value="Source">
		            <SYNRESTRS/>
		        </NP>
		    </SYNTAX>
		    <SEMANTICS>
		        <PRED value="emit">
		            <ARGS>
		                <ARG type="Event" value="during(E)"/>
		                <ARG type="ThemRole" value="Source"/>
		                <ARG type="ThemRole" value="?Theme"/>
		            </ARGS>
		        </PRED>
		        <PRED value="cause">
		            <ARGS>
		                <ARG type="ThemRole" value="Agent"/>
		                <ARG type="Event" value="E"/>
		            </ARGS>
		        </PRED>
		    </SEMANTICS>
		    <!--some verbs-->
		</FRAME>
		</FRAMES>
		<SUBCLASSES/>
		</VNSUBCLASS>
	    </SUBCLASSES>
	</VNSUBCLASS>
    </SUBCLASSES>
</VNCLASS>