<!DOCTYPE VNCLASS SYSTEM "vn_class-3.dtd">
<VNCLASS xmlns:xsi="http://www.w3.org/2001/XMLSchema-instance" ID="supervision-95.2.2" xsi:noNamespaceSchemaLocation="vn_schema-3.xsd">
    <MEMBERS>
        <MEMBER name="boss" wn="" grouping=""/>
        <MEMBER name="direct" wn="direct%2:32:00" grouping="direct.01"/>
        <MEMBER name="lead" wn="" grouping="lead.04"/>
        <MEMBER name="manage" wn="manage%2:41:00 manage%2:41:01" grouping="manage.02"/>
        <MEMBER name="superintend" wn="superintend%2:41:00" grouping=""/>
        <MEMBER name="supervise" wn="supervise%2:41:00 supervise%2:39:00" grouping="supervise.01"/>
    </MEMBERS>
    <THEMROLES>
        <THEMROLE type="Agent">
            <SELRESTRS logic="or">
                <SELRESTR Value="+" type="animate"/>
                <SELRESTR Value="+" type="organization"/>
            </SELRESTRS>
        </THEMROLE>
        <THEMROLE type="Co-Agent">
            <SELRESTRS logic="or">
                <SELRESTR Value="+" type="animate"/>
                <SELRESTR Value="+" type="organization"/>
            </SELRESTRS>
        </THEMROLE>
    </THEMROLES>
    <FRAMES>
        <FRAME>
            <DESCRIPTION descriptionNumber="8.1" primary="NP V PP.agent" secondary="NP-PP" xtag="0.2"/>
            <EXAMPLES>
                <EXAMPLE>Martha supervises Kevin.</EXAMPLE>
            </EXAMPLES>
            <SYNTAX>
                <NP value="Agent">
                    <SYNRESTRS/>
                </NP>
                <VERB/>
                <NP value="Co-Agent">
                    <SYNRESTRS/>
                </NP>
            </SYNTAX>
            <SEMANTICS>
                <PRED value="authority_relationship">
                    <ARGS>
                        <ARG type="ThemRole" value="Agent"/>
                        <ARG type="ThemRole" value="Co-Agent"/>
                    </ARGS>
                </PRED>
            </SEMANTICS>
        </FRAME>
    </FRAMES>
    <SUBCLASSES/>
</VNCLASS>