<!DOCTYPE VNCLASS SYSTEM "vn_class-3.dtd">
<VNCLASS xmlns:xsi="http://www.w3.org/2001/XMLSchema-instance" ID="swarm-47.5.1" xsi:noNamespaceSchemaLocation="vn_schema-3.xsd">
    <MEMBERS/>
    <THEMROLES>
        <THEMROLE type="Theme">
            <SELRESTRS>
                <SELRESTR Value="+" type="concrete"/>
                <SELRESTR Value="+" type="plural"/>
            </SELRESTRS>
        </THEMROLE>
        <THEMROLE type="Location">
            <SELRESTRS>
                <SELRESTR Value="+" type="location"/>
                <SELRESTR Value="-" type="region"/>
            </SELRESTRS>
        </THEMROLE>
    </THEMROLES>
    <FRAMES/>
    <SUBCLASSES>
        <VNSUBCLASS ID="swarm-47.5.1-1">
            <MEMBERS>
                <!--Each member adds a predicate for the motion of the Theme-->
                <MEMBER name="bustle" wn="bustle%2:38:00" grouping=""/>
                <MEMBER name="crawl" wn="crawl%2:38:00 crawl%2:42:00" grouping="crawl.01 crawl.02"/>
                <MEMBER name="creep" wn="creep%2:38:00" grouping="creep.01"/>
                <MEMBER name="hop" wn="hop%2:38:04" grouping="hop.02"/>
                <MEMBER name="swarm" wn="swarm%2:42:00 swarm%2:38:00" grouping=""/>
                <MEMBER name="swim" wn="swim%2:38:00" grouping="swim.01"/>
                <MEMBER name="teem" wn="teem%2:42:00" grouping=""/>
                <MEMBER name="pullulate" wn="pullulate%2:42:00" grouping=""/>
            </MEMBERS>
            <THEMROLES/>
            <FRAMES>
                <FRAME>
                    <DESCRIPTION descriptionNumber="0.1" primary="NP V PP.location" secondary="PP; locative-PP" xtag=""/>
                    <EXAMPLES>
                        <EXAMPLE>Bees are swarming in the garden.</EXAMPLE>
                    </EXAMPLES>
                    <SYNTAX>
                        <NP value="Theme">
                            <SYNRESTRS/>
                        </NP>
                        <VERB/>
                        <PREP>
                            <SELRESTRS>
                                <SELRESTR Value="+" type="loc"/>
                            </SELRESTRS>
                        </PREP>
                        <NP value="Location">
                            <SYNRESTRS/>
                        </NP>
                    </SYNTAX>
                    <SEMANTICS>
                        <PRED value="exist">
                            <ARGS>
                                <ARG type="Event" value="during(E)"/>
                                <ARG type="ThemRole" value="Theme"/>
                            </ARGS>
                        </PRED>
                        <PRED value="location">
                            <ARGS>
                                <ARG type="Event" value="during(E)"/>
                                <ARG type="ThemRole" value="Theme"/>
                                <ARG type="ThemRole" value="Location"/>
                            </ARGS>
                        </PRED>
                        <PRED value="motion">
                            <ARGS>
                                <ARG type="Event" value="during(E)"/>
                                <ARG type="ThemRole" value="Theme"/>
                            </ARGS>
                        </PRED>
                    </SEMANTICS>
                </FRAME>
                <FRAME>
                    <DESCRIPTION descriptionNumber="6.1" primary="There V NP PP" secondary="NP-PP; Expletive-there Subject" xtag=""/>
                    <EXAMPLES>
                        <EXAMPLE>There swarm bees in the garden.</EXAMPLE>
                    </EXAMPLES>
                    <SYNTAX>
                        <LEX value="there"/>
                        <VERB/>
                        <NP value="Theme">
                            <SYNRESTRS>
                                <SYNRESTR Value="-" type="definite"/>
                            </SYNRESTRS>
                        </NP>
                        <PREP>
                            <SELRESTRS>
                                <SELRESTR Value="+" type="loc"/>
                            </SELRESTRS>
                        </PREP>
                        <NP value="Location">
                            <SYNRESTRS/>
                        </NP>
                    </SYNTAX>
                    <SEMANTICS>
                        <PRED value="exist">
                            <ARGS>
                                <ARG type="Event" value="during(E)"/>
                                <ARG type="ThemRole" value="Theme"/>
                            </ARGS>
                        </PRED>
                        <PRED value="motion">
                            <ARGS>
                                <ARG type="Event" value="during(E)"/>
                                <ARG type="ThemRole" value="Theme"/>
                            </ARGS>
                        </PRED>
                        <PRED value="location">
                            <ARGS>
                                <ARG type="Event" value="during(E)"/>
                                <ARG type="ThemRole" value="Theme"/>
                                <ARG type="ThemRole" value="Location"/>
                            </ARGS>
                        </PRED>
                    </SEMANTICS>
                </FRAME>
                <FRAME>
                    <DESCRIPTION descriptionNumber="6.2" primary="PP.location V NP" secondary="Locative Inversion" xtag=""/>
                    <EXAMPLES>
                        <EXAMPLE>In the aquarium swam a striped fish.</EXAMPLE>
                    </EXAMPLES>
                    <SYNTAX>
                        <PREP>
                            <SELRESTRS>
                                <SELRESTR Value="+" type="loc"/>
                            </SELRESTRS>
                        </PREP>
                        <NP value="Location">
                            <SYNRESTRS/>
                        </NP>
                        <VERB/>
                        <NP value="Theme">
                            <SYNRESTRS/>
                        </NP>
                    </SYNTAX>
                    <SEMANTICS>
                        <PRED value="exist">
                            <ARGS>
                                <ARG type="Event" value="during(E)"/>
                                <ARG type="ThemRole" value="Theme"/>
                            </ARGS>
                        </PRED>
                        <PRED value="location">
                            <ARGS>
                                <ARG type="Event" value="during(E)"/>
                                <ARG type="ThemRole" value="Theme"/>
                                <ARG type="ThemRole" value="Location"/>
                            </ARGS>
                        </PRED>
                        <PRED value="motion">
                            <ARGS>
                                <ARG type="Event" value="during(E)"/>
                                <ARG type="ThemRole" value="Theme"/>
                            </ARGS>
                        </PRED>
                    </SEMANTICS>
                    <!--some verbs-->
                </FRAME>
                <FRAME>
                    <DESCRIPTION descriptionNumber="2.3" primary="PP.location V PP.theme" secondary="PP; Location Subject, with-PP" xtag=""/>
                    <EXAMPLES>
                        <EXAMPLE>The garden is swarming with bees.</EXAMPLE>
                    </EXAMPLES>
                    <SYNTAX>
                        <NP value="Location">
                            <SYNRESTRS/>
                        </NP>
                        <VERB/>
                        <PREP value="with">
                            <SELRESTRS/>
                        </PREP>
                        <NP value="Theme">
                            <SYNRESTRS/>
                        </NP>
                    </SYNTAX>
                    <SEMANTICS>
                        <PRED value="exist">
                            <ARGS>
                                <ARG type="Event" value="during(E)"/>
                                <ARG type="ThemRole" value="Theme"/>
                            </ARGS>
                        </PRED>
                        <PRED value="location">
                            <ARGS>
                                <ARG type="Event" value="during(E)"/>
                                <ARG type="ThemRole" value="Theme"/>
                                <ARG type="ThemRole" value="Location"/>
                            </ARGS>
                        </PRED>
                        <PRED value="motion">
                            <ARGS>
                                <ARG type="Event" value="during(E)"/>
                                <ARG type="ThemRole" value="Theme"/>
                            </ARGS>
                        </PRED>
                    </SEMANTICS>
                </FRAME>
            </FRAMES>
            <SUBCLASSES/>
        </VNSUBCLASS>
        <VNSUBCLASS ID="swarm-47.5.1-2">
            <!--no motion-->
            <MEMBERS>
                <MEMBER name="throng" wn="throng%2:38:00" grouping=""/>
            </MEMBERS>
            <THEMROLES/>
            <FRAMES>
                <FRAME>
                    <DESCRIPTION descriptionNumber="0.1" primary="NP V PP.location" secondary="PP; locative-PP" xtag=""/>
                    <EXAMPLES>
                        <EXAMPLE>Flowers abound in the garden.</EXAMPLE>
                    </EXAMPLES>
                    <SYNTAX>
                        <NP value="Theme">
                            <SYNRESTRS/>
                        </NP>
                        <VERB/>
                        <PREP>
                            <SELRESTRS>
                                <SELRESTR Value="+" type="loc"/>
                            </SELRESTRS>
                        </PREP>
                        <NP value="Location">
                            <SYNRESTRS/>
                        </NP>
                    </SYNTAX>
                    <SEMANTICS>
                        <PRED value="exist">
                            <ARGS>
                                <ARG type="Event" value="during(E)"/>
                                <ARG type="ThemRole" value="Theme"/>
                            </ARGS>
                        </PRED>
                        <PRED value="location">
                            <ARGS>
                                <ARG type="Event" value="during(E)"/>
                                <ARG type="ThemRole" value="Theme"/>
                                <ARG type="ThemRole" value="Location"/>
                            </ARGS>
                        </PRED>
                    </SEMANTICS>
                </FRAME>
                <FRAME>
                    <DESCRIPTION descriptionNumber="6.1" primary="There V NP PP" secondary="NP-PP; Expletive-there Subject" xtag=""/>
                    <EXAMPLES>
                        <EXAMPLE>There abound flowers in the garden.</EXAMPLE>
                    </EXAMPLES>
                    <SYNTAX>
                        <LEX value="there"/>
                        <VERB/>
                        <NP value="Theme">
                            <SYNRESTRS>
                                <SYNRESTR Value="-" type="definite"/>
                            </SYNRESTRS>
                        </NP>
                        <PREP>
                            <SELRESTRS>
                                <SELRESTR Value="+" type="loc"/>
                            </SELRESTRS>
                        </PREP>
                        <NP value="Location">
                            <SYNRESTRS/>
                        </NP>
                    </SYNTAX>
                    <SEMANTICS>
                        <PRED value="exist">
                            <ARGS>
                                <ARG type="Event" value="during(E)"/>
                                <ARG type="ThemRole" value="Theme"/>
                            </ARGS>
                        </PRED>
                        <PRED value="location">
                            <ARGS>
                                <ARG type="Event" value="during(E)"/>
                                <ARG type="ThemRole" value="Theme"/>
                                <ARG type="ThemRole" value="Location"/>
                            </ARGS>
                        </PRED>
                    </SEMANTICS>
                </FRAME>
            </FRAMES>
            <SUBCLASSES>
                <VNSUBCLASS ID="swarm-47.5.1-2-1">
                    <MEMBERS>
                        <MEMBER name="abound" wn="abound%2:42:00 abound%2:42:01" grouping="abound.01"/>
                    </MEMBERS>
                    <THEMROLES/>
                    <FRAMES>
                        <FRAME>
                            <DESCRIPTION descriptionNumber="2.3" primary="NP.location V PP.theme" secondary="PP; Location Subject, with-PP" xtag=""/>
                            <EXAMPLES>
                                <EXAMPLE>The garden abounds with flowers.</EXAMPLE>
                            </EXAMPLES>
                            <SYNTAX>
                                <NP value="Location">
                                    <SYNRESTRS/>
                                </NP>
                                <VERB/>
                                <PREP value="with">
                                    <SELRESTRS/>
                                </PREP>
                                <NP value="Theme">
                                    <SYNRESTRS/>
                                </NP>
                            </SYNTAX>
                            <SEMANTICS>
                                <PRED value="exist">
                                    <ARGS>
                                        <ARG type="Event" value="during(E)"/>
                                        <ARG type="ThemRole" value="Theme"/>
                                    </ARGS>
                                </PRED>
                                <PRED value="location">
                                    <ARGS>
                                        <ARG type="Event" value="during(E)"/>
                                        <ARG type="ThemRole" value="Theme"/>
                                        <ARG type="ThemRole" value="Location"/>
                                    </ARGS>
                                </PRED>
                            </SEMANTICS>
                        </FRAME>
                    </FRAMES>
                    <SUBCLASSES/>
                </VNSUBCLASS>
            </SUBCLASSES>
        </VNSUBCLASS>
    </SUBCLASSES>
</VNCLASS>