<!DOCTYPE VNCLASS SYSTEM "vn_class-3.dtd">
<VNCLASS xmlns:xsi="http://www.w3.org/2001/XMLSchema-instance" ID="terminus-47.9" xsi:noNamespaceSchemaLocation="vn_schema-3.xsd">
    <MEMBERS>
        <MEMBER name="begin" wn="begin%2:42:00" grouping="begin.01"/>
        <MEMBER name="end" wn="end%2:42:00" grouping="end.01"/>
        <MEMBER name="lead" wn="lead%2:42:00 lead%2:42:03" grouping="lead.03"/>
        <MEMBER name="start" wn="start%2:42:00" grouping="start.01"/>
        <MEMBER name="stop" wn="stop%2:42:13" grouping="stop.04"/>
        <MEMBER name="terminate" wn="terminate%2:42:00" grouping="terminate.01"/>
    </MEMBERS>
    <THEMROLES>
        <THEMROLE type="Theme">
            <SELRESTRS/>
        </THEMROLE>
        <THEMROLE type="Location">
            <SELRESTRS/>
        </THEMROLE>
    </THEMROLES>
    <FRAMES>
        <FRAME>
            <DESCRIPTION descriptionNumber="0.1" primary="NP V NP ADJ" secondary="" xtag=""/>
            <EXAMPLES>
                <EXAMPLE>His property begins at the fence.</EXAMPLE>            </EXAMPLES>
            <SYNTAX>
                <NP value="Theme">
                    <SYNRESTRS/>
                </NP>
                <VERB/>
                <PREP value="">
                    <SELRESTRS/>
                </PREP>
                <NP value="Location">
                    <SYNRESTRS/>
                </NP>
            </SYNTAX>
            <SEMANTICS>
                <PRED value="contact">
                    <ARGS>
                        <ARG type="Event" value="during(E)"/>
                        <ARG type="ThemRole" value="Theme"/>
                        <ARG type="ThemRole" value="Location"/>
                    </ARGS>
                </PRED>
            </SEMANTICS>
        </FRAME>
    </FRAMES>
    <SUBCLASSES/>
</VNCLASS>