<!DOCTYPE VNCLASS SYSTEM "vn_class-3.dtd">
<VNCLASS xmlns:xsi="http://www.w3.org/2001/XMLSchema-instance" ID="touch-20" xsi:noNamespaceSchemaLocation="vn_schema-3.xsd">
    <MEMBERS/>
    <THEMROLES>
        <THEMROLE type="Agent">
            <SELRESTRS>
                <SELRESTR Value="+" type="int_control"/>
            </SELRESTRS>
        </THEMROLE>
        <THEMROLE type="Experiencer">
            <SELRESTRS>
                <SELRESTR Value="+" type="concrete"/>
            </SELRESTRS>
        </THEMROLE>
        <THEMROLE type="Instrument">
            <SELRESTRS>
                <SELRESTR Value="+" type="solid"/>
            </SELRESTRS>
        </THEMROLE>
    </THEMROLES>
    <FRAMES>
        <FRAME>
            <DESCRIPTION descriptionNumber="0.2" primary="NP V NP" secondary="Basic Transitive" xtag="0.2"/>
            <EXAMPLES>
                <EXAMPLE>Carrie touched the cat.</EXAMPLE>
            </EXAMPLES>
            <SYNTAX>
                <NP value="Agent">
                    <SYNRESTRS/>
                </NP>
                <VERB/>
                <NP value="Experiencer">
                    <SYNRESTRS/>
                </NP>
            </SYNTAX>
            <SEMANTICS>
                <PRED value="cause">
                    <ARGS>
                        <ARG type="ThemRole" value="Agent"/>
                        <ARG type="Event" value="E"/>
                    </ARGS>
                </PRED>
                <PRED value="contact">
                    <ARGS>
                        <ARG type="Event" value="end(E)"/>
                        <ARG type="ThemRole" value="Agent"/>
                        <ARG type="ThemRole" value="Experiencer"/>
                    </ARGS>
                </PRED>
            </SEMANTICS>
        </FRAME>
        <FRAME>
            <DESCRIPTION descriptionNumber="0.2" primary="NP V NP PP.instrument" secondary="NP-PP; Instrument-PP" xtag=""/>
            <EXAMPLES>
                <EXAMPLE>Carrie touched the cat with the stick.</EXAMPLE>
            </EXAMPLES>
            <SYNTAX>
                <NP value="Agent">
                    <SYNRESTRS/>
                </NP>
                <VERB/>
                <NP value="Experiencer">
                    <SYNRESTRS/>
                </NP>
                <PREP value="with">
                    <SELRESTRS/>
                </PREP>
                <NP value="Instrument">
                    <SYNRESTRS/>
                </NP>
            </SYNTAX>
            <SEMANTICS>
                <PRED value="cause">
                    <ARGS>
                        <ARG type="ThemRole" value="Agent"/>
                        <ARG type="Event" value="E"/>
                    </ARGS>
                </PRED>
                <PRED value="contact">
                    <ARGS>
                        <ARG type="Event" value="end(E)"/>
                        <ARG type="ThemRole" value="Instrument"/>
                        <ARG type="ThemRole" value="Experiencer"/>
                    </ARGS>
                </PRED>
                <PRED value="utilize">
                    <ARGS>
                        <ARG type="Event" value="during(E)"/>
                        <ARG type="ThemRole" value="Agent"/>
                        <ARG type="ThemRole" value="Instrument"/>
                    </ARGS>
                </PRED>
            </SEMANTICS>
        </FRAME>
    </FRAMES>
    <SUBCLASSES>
        <VNSUBCLASS ID="touch-20-1">
            <MEMBERS>
                <!--REMOVED "seize" misclassified-->
                <MEMBER name="caress" wn="caress%2:35:00" grouping=""/>
                <MEMBER name="fondle" wn="fondle%2:35:00" grouping=""/>
                <MEMBER name="grasp" wn="grasp%2:35:00" grouping="grasp.01"/>
                <MEMBER name="graze" wn="?graze%2:35:02 graze%2:35:00" grouping="graze.02"/>
                <MEMBER name="grip" wn="grip%2:35:00 grip%2:35:03 grip%2:37:00" grouping="grip.01 grip.02"/>
                <MEMBER name="grope" wn="grope%2:35:01 grope%2:35:02" grouping=""/>
                <MEMBER name="kiss" wn="kiss%2:35:00 kiss%2:35:01" grouping="kiss.01 kiss.02"/>
                <MEMBER name="knead" wn="knead%2:35:00 knead%2:35:01" grouping=""/>
                <MEMBER name="lick" wn="lick%2:35:00" grouping="lick.01"/>
                <MEMBER name="massage" wn="massage%2:35:00 massage%2:29:00" grouping="massage.01"/>
                <MEMBER name="nudge" wn="nudge%2:35:00" grouping=""/>
                <MEMBER name="osculate" wn="osculate%2:35:00" grouping="osculate.03"/>
                <MEMBER name="pat" wn="pat%2:35:01 pat%2:35:00" grouping=""/>
                <MEMBER name="paw" wn="paw%2:35:01 paw%2:35:00" grouping=""/>
                <MEMBER name="peck" wn="peck%2:35:00" grouping=""/>
                <MEMBER name="pet" wn="pet%2:35:00" grouping=""/>
                <MEMBER name="pinch" wn="pinch%2:35:00" grouping="pinch.01"/>
                <MEMBER name="prod" wn="prod%2:35:02 prod%2:35:01" grouping="prod.01"/>
                <MEMBER name="rub" wn="rub%2:35:00 rub%2:35:01 rub%2:39:00" grouping="rub.01 rub.02"/>
                <MEMBER name="squeeze" wn="squeeze%2:35:05 squeeze%2:35:00 squeeze%2:35:02 squeeze%2:35:04" grouping="squeeze.01"/>
                <MEMBER name="sting" wn="?sting%2:35:01 ?sting%2:39:00" grouping="sting.01 sting.02"/>
                <MEMBER name="stroke" wn="stroke%2:35:00" grouping="stroke.01"/>
                <MEMBER name="tickle" wn="tickle%2:39:00 tickle%2:35:00" grouping="tickle.01"/>
                <MEMBER name="touch" wn="touch%2:35:00" grouping="touch.01"/>
                <MEMBER name="tug" wn="tug%2:35:00 tug%2:35:02 tug%2:35:01" grouping=""/>
                <MEMBER name="tweak" wn="tweak%2:35:01" grouping="tweak.01"/>
                <MEMBER name="twinge" wn="twinge%2:35:00" grouping="twinge.02"/>
                <MEMBER name="wring" wn="wring%2:35:00" grouping="wring.01"/>
                <MEMBER name="chafe" wn="chafe%2:30:00" grouping="chafe.01"/>
            </MEMBERS>
            <THEMROLES>
                <THEMROLE type="Experiencer">
                    <SELRESTRS logic="or">
                        <SELRESTR Value="+" type="body_part"/>
                        <SELRESTR Value="+" type="refl"/>
                    </SELRESTRS>
                </THEMROLE>
            </THEMROLES>
            <FRAMES>
                <FRAME>
                    <DESCRIPTION descriptionNumber="0.2" primary="NP V NP" secondary="Transitive; Body-part or reflexive Object" xtag="0.2"/>
                    <EXAMPLES>
                        <EXAMPLE>Carrie touched his shoulder.</EXAMPLE>
                    </EXAMPLES>
                    <SYNTAX>
                        <NP value="Agent">
                            <SYNRESTRS/>
                        </NP>
                        <VERB/>
                        <NP value="Experiencer">
                            <SYNRESTRS/>
                        </NP>
                    </SYNTAX>
                    <SEMANTICS>
                        <PRED value="contact">
                            <ARGS>
                                <ARG type="Event" value="end(E)"/>
                                <ARG type="ThemRole" value="Agent"/>
                                <ARG type="ThemRole" value="Experiencer"/>
                            </ARGS>
                        </PRED>
                        <PRED value="cause">
                            <ARGS>
                                <ARG type="ThemRole" value="Agent"/>
                                <ARG type="Event" value="E"/>
                            </ARGS>
                        </PRED>
                    </SEMANTICS>
                </FRAME>
                <FRAME>
                    <DESCRIPTION descriptionNumber="" primary="NP V NP PP.instrument" secondary="NP-PP; Instrument-PP (Bodypart of reflexive object)" xtag=""/>
                    <EXAMPLES>
                        <EXAMPLE>Carrie touched his shoulder with the stick.</EXAMPLE>
                    </EXAMPLES>
                    <SYNTAX>
                        <NP value="Agent">
                            <SYNRESTRS/>
                        </NP>
                        <VERB/>
                        <NP value="Experiencer">
                            <SYNRESTRS/>
                        </NP>
                        <PREP value="with">
                            <SELRESTRS/>
                        </PREP>
                        <NP value="Instrument">
                            <SYNRESTRS/>
                        </NP>
                    </SYNTAX>
                    <SEMANTICS>
                        <PRED value="cause">
                            <ARGS>
                                <ARG type="ThemRole" value="Agent"/>
                                <ARG type="Event" value="E"/>
                            </ARGS>
                        </PRED>
                        <PRED value="contact">
                            <ARGS>
                                <ARG type="Event" value="end(E)"/>
                                <ARG type="ThemRole" value="Instrument"/>
                                <ARG type="ThemRole" value="Experiencer"/>
                            </ARGS>
                        </PRED>
                        <PRED value="utilize">
                            <ARGS>
                                <ARG type="Event" value="during(E)"/>
                                <ARG type="ThemRole" value="Agent"/>
                                <ARG type="ThemRole" value="Instrument"/>
                            </ARGS>
                        </PRED>
                    </SEMANTICS>
                </FRAME>
            </FRAMES>
            <SUBCLASSES/>
        </VNSUBCLASS>
    </SUBCLASSES>
</VNCLASS>