<!DOCTYPE VNCLASS SYSTEM "vn_class-3.dtd">
<VNCLASS xmlns:xsi="http://www.w3.org/2001/XMLSchema-instance" ID="transcribe-25.4" xsi:noNamespaceSchemaLocation="vn_schema-3.xsd">
    <!--In most predicates, such as location, Theme really means image_of(Theme)-->
    <MEMBERS>
        <MEMBER name="chart" wn="chart%2:31:13 chart%2:36:04" grouping="chart.01"/>
        <MEMBER name="chronicle" wn="chronicle%2:32:00" grouping=""/>
        <MEMBER name="copy" wn="copy%2:36:05 copy%2:36:01" grouping="copy.01"/>
        <MEMBER name="document" wn="document%2:32:00" grouping="document.01"/>
        <MEMBER name="duplicate" wn="duplicate%2:36:01" grouping="duplicate.02"/>
        <MEMBER name="film" wn="film%2:32:00 film%2:36:00" grouping="film.01"/>
        <MEMBER name="forge" wn="forge%2:36:01" grouping="forge.02"/>
        <MEMBER name="microfilm" wn="microfilm%2:36:00" grouping=""/>
        <MEMBER name="photocopy" wn="photocopy%2:36:00" grouping=""/>
        <MEMBER name="photograph" wn="photograph%2:32:00" grouping="photograph.01"/>
        <MEMBER name="record" wn="record%2:32:01" grouping="record.01"/>
        <MEMBER name="tally" wn="" grouping="tally.01"/>
        <MEMBER name="tally_up" wn="" grouping=""/>
        <MEMBER name="tape" wn="tape%2:32:03 tape%2:32:00" grouping="tape.02"/>
        <MEMBER name="televise" wn="televise%2:32:00" grouping="televise.01"/>
        <MEMBER name="transcribe" wn="transcribe%2:32:01 transcribe%2:32:00 transcribe%2:36:00 transcribe%2:32:02" grouping="transcribe.01 transcribe.02 transcribe.03"/>
        <MEMBER name="type" wn="type%2:32:00" grouping="type.01"/>
        <MEMBER name="videotape" wn="videotape%2:32:00" grouping=""/>
        <MEMBER name="write_up" wn="write_up%2:36:00" grouping="write.01"/>
        <MEMBER name="write_out" wn="write_out%2:36:00" grouping="write.01"/>
   </MEMBERS>
    <THEMROLES>
        <THEMROLE type="Agent">
            <SELRESTRS>
                <SELRESTR Value="+" type="animate"/>
            </SELRESTRS>
        </THEMROLE>
        <THEMROLE type="Theme">
            <SELRESTRS/>
        </THEMROLE>
        <THEMROLE type="Destination">
            <SELRESTRS>
                <SELRESTR Value="+" type="concrete"/>
            </SELRESTRS>
        </THEMROLE>
    </THEMROLES>
    <FRAMES>
        <FRAME>
            <DESCRIPTION descriptionNumber="0.2" primary="NP V NP" secondary="Basic Transitive" xtag="0.2"/>
            <EXAMPLES>
                <EXAMPLE>The secretary transcribed the speech.</EXAMPLE>
            </EXAMPLES>
            <SYNTAX>
                <NP value="Agent">
                    <SYNRESTRS/>
                </NP>
                <VERB/>
                <NP value="Theme">
                    <SYNRESTRS/>
                </NP>
            </SYNTAX>
            <SEMANTICS>
                <PRED value="path_rel">
                    <ARGS>
                        <ARG type="Event" value="start(E)"/>
                        <ARG type="ThemRole" value="?Initial_State"/>
                        <ARG type="ThemRole" value="Theme"/>
                        <ARG type="Constant" value="ch_of_state"/>
                        <ARG type="VerbSpecific" value="prep"/>
                    </ARGS>
                </PRED>
                <PRED value="path_rel">
                    <ARGS>
                        <ARG type="Event" value="result(E)"/>
                        <ARG type="ThemRole" value="?Result"/>
                        <ARG type="ThemRole" value="Theme"/>
                        <ARG type="Constant" value="ch_of_state"/>
                        <ARG type="VerbSpecific" value="prep"/>
                    </ARGS>
                </PRED>
                <PRED value="created_image">
                    <ARGS>
                        <ARG type="Event" value="result(E)"/>
                        <ARG type="ThemRole" value="Theme"/>
                    </ARGS>
                </PRED>
                <PRED value="location">
                    <ARGS>
                        <ARG type="Event" value="end(E)"/>
                        <ARG type="ThemRole" value="Theme"/>
                        <ARG type="ThemRole" value="?Destination"/>
                    </ARGS>
                </PRED>
                <PRED value="cause">
                    <ARGS>
                        <ARG type="ThemRole" value="Agent"/>
                        <ARG type="Event" value="E"/>
                    </ARGS>
                </PRED>
            </SEMANTICS>
        </FRAME>
        <FRAME>
            <DESCRIPTION descriptionNumber="0.2" primary="NP V NP PP.destination" secondary="NP-PP; locative-PP" xtag=""/>
            <EXAMPLES>
                <EXAMPLE>The secretary transcribed the speech into the record.</EXAMPLE>
            </EXAMPLES>
            <SYNTAX>
                <NP value="Agent">
                    <SYNRESTRS/>
                </NP>
                <VERB/>
                <NP value="Theme">
                    <SYNRESTRS/>
                </NP>
                <PREP>
                    <SELRESTRS logic="or">
                        <SELRESTR Value="+" type="loc"/>
                        <SELRESTR Value="+" type="dest_conf"/>
                    </SELRESTRS>
                </PREP>
                <NP value="Destination">
                    <SYNRESTRS/>
                </NP>
            </SYNTAX>
            <SEMANTICS>
                <PRED value="path_rel">
                    <ARGS>
                        <ARG type="Event" value="start(E)"/>
                        <ARG type="ThemRole" value="?Initial_State"/>
                        <ARG type="ThemRole" value="Theme"/>
                        <ARG type="Constant" value="ch_of_state"/>
                        <ARG type="VerbSpecific" value="prep"/>
                    </ARGS>
                </PRED>
                <PRED value="path_rel">
                    <ARGS>
                        <ARG type="Event" value="result(E)"/>
                        <ARG type="ThemRole" value="?Result"/>
                        <ARG type="ThemRole" value="Theme"/>
                        <ARG type="Constant" value="ch_of_state"/>
                        <ARG type="VerbSpecific" value="prep"/>
                    </ARGS>
                </PRED>
                <PRED value="created_image">
                    <ARGS>
                        <ARG type="Event" value="result(E)"/>
                        <ARG type="ThemRole" value="Theme"/>
                    </ARGS>
                </PRED>
                <PRED value="location">
                    <ARGS>
                        <ARG type="Event" value="end(E)"/>
                        <ARG type="ThemRole" value="Theme"/>
                        <ARG type="ThemRole" value="Destination"/>
                    </ARGS>
                </PRED>
                <PRED value="cause">
                    <ARGS>
                        <ARG type="ThemRole" value="Agent"/>
                        <ARG type="Event" value="E"/>
                    </ARGS>
                </PRED>
            </SEMANTICS>
        </FRAME>
    </FRAMES>
    <SUBCLASSES/>
</VNCLASS>