<!DOCTYPE VNCLASS SYSTEM "vn_class-3.dtd">
<VNCLASS xmlns:xsi="http://www.w3.org/2001/XMLSchema-instance" ID="trick-59.2" xsi:noNamespaceSchemaLocation="vn_schema-3.xsd">
    <MEMBERS>
<MEMBER name="bamboozle" wn="bamboozle%2:32:00" grouping=""/>
<MEMBER name="cozen" wn="cozen%2:41:01 cozen%2:41:00" grouping="cozen.02"/>
<MEMBER name="fox" wn="fox%2:41:00" grouping=""/>
<MEMBER name="bullshit" wn="bullshit%2:32:00" grouping=""/>
<MEMBER name="bluff" wn="bluff%2:33:00 bluff%2:32:00" grouping=""/>
<MEMBER name="blackmail" wn="blackmail%2:41:00 blackmail%2:40:00" grouping=""/>
<MEMBER name="cheat" wn="cheat%2:33:00" grouping="cheat.02"/>
<MEMBER name="con" wn="con%2:41:00" grouping="con.01"/>
<MEMBER name="deceive" wn="deceive%2:32:00" grouping="deceive.01"/>
<MEMBER name="delude" wn="delude%2:41:00" grouping=""/>
<MEMBER name="dupe" wn="dupe%2:32:00" grouping=""/>
<MEMBER name="ensnare" wn="ensnare%2:41:00" grouping=""/>
<MEMBER name="entrap" wn="entrap%2:41:00" grouping=""/>
<MEMBER name="extort" wn="" grouping=""/>
<MEMBER name="fool" wn="fool%2:32:01" grouping="fool.01"/>
<MEMBER name="hoodwink" wn="hoodwink%2:41:00" grouping=""/>
<MEMBER name="manipulate" wn="manipulate%2:41:00 manipulate%2:37:00" grouping="manipulate.01"/>
<MEMBER name="mislead" wn="mislead%2:32:00" grouping="mislead.01 mislead.02"/>
<MEMBER name="trick" wn="trick%2:41:00" grouping=""/>
<MEMBER name="trap" wn="trap%2:41:00" grouping="trap.01"/>

    </MEMBERS>
    <THEMROLES>
        <THEMROLE type="Agent">
            <SELRESTRS logic="or">
                <SELRESTR Value="+" type="animate"/>
                <SELRESTR Value="+" type="organization"/>
            </SELRESTRS>
        </THEMROLE>
        <THEMROLE type="Patient">
            <SELRESTRS logic="or">
                <SELRESTR Value="+" type="animate"/>
                <SELRESTR Value="+" type="organization"/>
            </SELRESTRS>
        </THEMROLE>
        <THEMROLE type="Predicate">
            <SELRESTRS/>
        </THEMROLE>
    </THEMROLES>
    <FRAMES>
        <FRAME>
            <DESCRIPTION descriptionNumber="0.2" primary="NP V NP" secondary="Basic Transitive" xtag="0.2"/>
            <EXAMPLES>
                <EXAMPLE>I tricked him.</EXAMPLE>
            </EXAMPLES>
            <SYNTAX>
                <NP value="Agent">
                    <SYNRESTRS/>
                </NP>
                <VERB/>
                <NP value="Patient">
                    <SYNRESTRS/>
                </NP>
            </SYNTAX>
            <SEMANTICS>
                <PRED value="cause">
                    <ARGS>
                        <ARG type="ThemRole" value="Agent"/>
                        <ARG type="Event" value="E"/>
                    </ARGS>
                </PRED>
                <PRED value="act">
                    <ARGS>
                        <ARG type="Event" value="during(E)"/>
                        <ARG type="ThemRole" value="Patient"/>
                        <ARG type="ThemRole" value="?Predicate"/>
                    </ARGS>
                </PRED>
                <PRED value="manner">
                    <ARGS>
                        <ARG type="Event" value="E"/>
                        <ARG type="Constant" value="deceptive"/>
                        <ARG type="ThemRole" value="Agent"/>
                    </ARGS>
                </PRED>
            </SEMANTICS>
        </FRAME>
        <FRAME>
            <DESCRIPTION descriptionNumber="0.2" primary="NP V NP S_ING" secondary="NP-P-ING-OC; into-PP" xtag="0.2"/>
            <EXAMPLES>
                <EXAMPLE>I tricked him into coming.</EXAMPLE>
            </EXAMPLES>
            <SYNTAX>
                <NP value="Agent">
                    <SYNRESTRS/>
                </NP>
                <VERB/>
                <NP value="Patient">
                    <SYNRESTRS/>
                </NP>
                <PREP value="into">
                    <SELRESTRS/>
                </PREP>
                <NP value="Predicate">
                    <SYNRESTRS>
                        <SYNRESTR Value="+" type="oc_ing"/>
                    </SYNRESTRS>
                </NP>
            </SYNTAX>
            <SEMANTICS>
                <PRED value="cause">
                    <ARGS>
                        <ARG type="ThemRole" value="Agent"/>
                        <ARG type="Event" value="E"/>
                    </ARGS>
                </PRED>
                <PRED value="act">
                    <ARGS>
                        <ARG type="Event" value="during(E)"/>
                        <ARG type="ThemRole" value="Patient"/>
                        <ARG type="ThemRole" value="Predicate"/>
                    </ARGS>
                </PRED>
                <PRED value="manner">
                    <ARGS>
                        <ARG type="Event" value="E"/>
                        <ARG type="Constant" value="deceptive"/>
                        <ARG type="ThemRole" value="Agent"/>
                    </ARGS>
                </PRED>
            </SEMANTICS>
        </FRAME>
        <FRAME>
            <DESCRIPTION descriptionNumber="0.2" primary="NP V NP PP.result" secondary="NP-PP; into-PP" xtag="0.1"/>
            <EXAMPLES>
                <EXAMPLE>I tricked John into the chairmanship.</EXAMPLE>
            </EXAMPLES>
            <SYNTAX>
                <NP value="Agent">
                    <SYNRESTRS/>
                </NP>
                <VERB/>
                <NP value="Patient">
                    <SYNRESTRS/>
                </NP>
                <PREP value="into">
                    <SELRESTRS/>
                </PREP>
                <NP value="Result">
                    <SYNRESTRS>
                        <SYNRESTR Value="-" type="sentential"/>
                    </SYNRESTRS>
                </NP>
            </SYNTAX>
            <SEMANTICS>
                <PRED value="cause">
                    <ARGS>
                        <ARG type="ThemRole" value="Agent"/>
                        <ARG type="Event" value="E"/>
                    </ARGS>
                </PRED>
                <PRED value="act">
                    <ARGS>
                        <ARG type="Event" value="during(E)"/>
                        <ARG type="ThemRole" value="Patient"/>
                        <ARG type="ThemRole" value="Predicate"/>
                    </ARGS>
                </PRED>
                <PRED value="manner">
                    <ARGS>
                        <ARG type="Event" value="E"/>
                        <ARG type="Constant" value="deceptive"/>
                        <ARG type="ThemRole" value="Agent"/>
                    </ARGS>
                </PRED>
            </SEMANTICS>
        </FRAME>
	</FRAMES>
    <SUBCLASSES/>
</VNCLASS>