<!DOCTYPE VNCLASS SYSTEM "vn_class-3.dtd">
<VNCLASS xmlns:xsi="http://www.w3.org/2001/XMLSchema-instance" ID="turn-26.6.1" xsi:noNamespaceSchemaLocation="vn_schema-3.xsd">
    <MEMBERS>
        <MEMBER name="alter" wn="alter%2:30:01" grouping="alter.01"/>
        <MEMBER name="deform" wn="" grouping="deform.02"/>
        <MEMBER name="metamorphose" wn="metamorphose%2:30:00" grouping=""/>
        <MEMBER name="morph" wn="morph%2:30:01 morph%2:30:00" grouping=""/>
        <MEMBER name="mutate" wn="" grouping=""/>
        <MEMBER name="transform" wn="transform%2:30:00 transform%2:30:03" grouping="transform.01"/>
        <MEMBER name="translate" wn="" grouping=""/>
        <MEMBER name="transmute" wn="transmute%2:30:01 transmute%2:30:00 transmute%2:30:02" grouping=""/>
    </MEMBERS>
    <THEMROLES>
        <THEMROLE type="Agent">
            <SELRESTRS logic="or">
                <SELRESTR Value="+" type="animate"/>
                <SELRESTR Value="+" type="machine"/>
            </SELRESTRS>
        </THEMROLE>
        <THEMROLE type="Patient">
            <SELRESTRS/>
        </THEMROLE>
        <THEMROLE type="Result">
            <SELRESTRS/>
        </THEMROLE>
        <THEMROLE type="Initial_State">
            <SELRESTRS/>
        </THEMROLE>
    </THEMROLES>
    <FRAMES>
        <FRAME>
            <DESCRIPTION descriptionNumber="1.1.2.1" primary="NP V NP.patient PP.material PP.result" secondary="NP-PP-PP; Causative variant, Material-PP Result-PP" xtag=""/>
            <EXAMPLES>
                <EXAMPLE>The witch turned him from a prince into a frog.</EXAMPLE>
            </EXAMPLES>
            <SYNTAX>
                <NP value="Agent">
                    <SYNRESTRS/>
                </NP>
                <VERB/>
                <NP value="Patient">
                    <SYNRESTRS/>
                </NP>
                <PREP value="from">
                    <SELRESTRS/>
                </PREP>
                <NP value="Initial_State">
                    <SYNRESTRS/>
                </NP>
                <PREP value="into">
                    <SELRESTRS/>
                </PREP>
                <NP value="Result">
                    <SYNRESTRS/>
                </NP>
            </SYNTAX>
            <SEMANTICS>
                <PRED value="path_rel">
                    <ARGS>
                        <ARG type="Event" value="start(E)"/>
                        <ARG type="ThemRole" value="Initial_State"/>
                        <ARG type="ThemRole" value="Patient"/>
                        <ARG type="Constant" value="ch_of_state"/>
                        <ARG type="VerbSpecific" value="prep"/>
                    </ARGS>
                </PRED>
                <PRED value="path_rel">
                    <ARGS>
                        <ARG type="Event" value="result(E)"/>
                        <ARG type="ThemRole" value="Result"/>
                        <ARG type="ThemRole" value="Patient"/>
                        <ARG type="Constant" value="ch_of_state"/>
                        <ARG type="VerbSpecific" value="prep"/>
                    </ARGS>
                </PRED>
                <PRED value="cause">
                    <ARGS>
                        <ARG type="ThemRole" value="Agent"/>
                        <ARG type="Event" value="E"/>
                    </ARGS>
                </PRED>
            </SEMANTICS>
        </FRAME>
        <FRAME>
            <DESCRIPTION descriptionNumber="1.1.2.1" primary="NP.patient V PP.material PP.result" secondary="PP-PP; Inchoative variant, Material-PP Result-PP" xtag=""/>
            <EXAMPLES>
                <EXAMPLE>He turned from a prince into a frog.</EXAMPLE>
            </EXAMPLES>
            <SYNTAX>
                <NP value="Patient">
                    <SYNRESTRS/>
                </NP>
                <VERB/>
                <PREP value="from">
                    <SELRESTRS/>
                </PREP>
                <NP value="Initial_State">
                    <SYNRESTRS/>
                </NP>
                <PREP value="into">
                    <SELRESTRS/>
                </PREP>
                <NP value="Result">
                    <SYNRESTRS/>
                </NP>
            </SYNTAX>
            <SEMANTICS>
                <PRED value="path_rel">
                    <ARGS>
                        <ARG type="Event" value="start(E)"/>
                        <ARG type="ThemRole" value="Initial_State"/>
                        <ARG type="ThemRole" value="Patient"/>
                        <ARG type="Constant" value="ch_of_state"/>
                        <ARG type="VerbSpecific" value="prep"/>
                    </ARGS>
                </PRED>
                <PRED value="path_rel">
                    <ARGS>
                        <ARG type="Event" value="result(E)"/>
                        <ARG type="ThemRole" value="Result"/>
                        <ARG type="ThemRole" value="Patient"/>
                        <ARG type="Constant" value="ch_of_state"/>
                        <ARG type="VerbSpecific" value="prep"/>
                    </ARGS>
                </PRED>
            </SEMANTICS>
        </FRAME>
        <FRAME>
            <DESCRIPTION descriptionNumber="2.4.3" primary="NP V NP.patient PP.result" secondary="Total Transformation Alternation Transitive" xtag=""/>
            <EXAMPLES>
                <EXAMPLE>The witch turned him into a frog.</EXAMPLE>
            </EXAMPLES>
            <SYNTAX>
                <NP value="Agent">
                    <SYNRESTRS/>
                </NP>
                <VERB/>
                <NP value="Patient">
                    <SYNRESTRS/>
                </NP>
                <PREP value="into">
                    <SELRESTRS/>
                </PREP>
                <NP value="Result">
                    <SYNRESTRS/>
                </NP>
            </SYNTAX>
            <SEMANTICS>
                <PRED value="path_rel">
                    <ARGS>
                        <ARG type="Event" value="start(E)"/>
                        <ARG type="ThemRole" value="?Initial_State"/>
                        <ARG type="ThemRole" value="Patient"/>
                        <ARG type="Constant" value="ch_of_state"/>
                        <ARG type="VerbSpecific" value="prep"/>
                    </ARGS>
                </PRED>
                <PRED value="path_rel">
                    <ARGS>
                        <ARG type="Event" value="result(E)"/>
                        <ARG type="ThemRole" value="Result"/>
                        <ARG type="ThemRole" value="Patient"/>
                        <ARG type="Constant" value="ch_of_state"/>
                        <ARG type="VerbSpecific" value="prep"/>
                    </ARGS>
                </PRED>
                <PRED value="cause">
                    <ARGS>
                        <ARG type="ThemRole" value="Agent"/>
                        <ARG type="Event" value="E"/>
                    </ARGS>
                </PRED>
            </SEMANTICS>
        </FRAME>
        <FRAME>
            <DESCRIPTION descriptionNumber="2.4.4" primary="NP.patient V PP.result" secondary="Total Transformation Alternation Intransitive" xtag=""/>
            <EXAMPLES>
                <EXAMPLE>He turned into a frog.</EXAMPLE>
            </EXAMPLES>
            <SYNTAX>
                <NP value="Patient">
                    <SYNRESTRS/>
                </NP>
                <VERB/>
                <PREP value="into">
                    <SELRESTRS/>
                </PREP>
                <NP value="Result">
                    <SYNRESTRS/>
                </NP>
            </SYNTAX>
            <SEMANTICS>
                <PRED value="path_rel">
                    <ARGS>
                        <ARG type="Event" value="start(E)"/>
                        <ARG type="ThemRole" value="?Initial_State"/>
                        <ARG type="ThemRole" value="Patient"/>
                        <ARG type="Constant" value="ch_of_state"/>
                        <ARG type="VerbSpecific" value="prep"/>
                    </ARGS>
                </PRED>
                <PRED value="path_rel">
                    <ARGS>
                        <ARG type="Event" value="result(E)"/>
                        <ARG type="ThemRole" value="Result"/>
                        <ARG type="ThemRole" value="Patient"/>
                        <ARG type="Constant" value="ch_of_state"/>
                        <ARG type="VerbSpecific" value="prep"/>
                    </ARGS>
                </PRED>
            </SEMANTICS>
        </FRAME>
        <FRAME>
            <DESCRIPTION descriptionNumber="" primary="NP V" secondary="Basic Intransitive" xtag=""/>
            <EXAMPLES>
                <EXAMPLE>The man was converting again.</EXAMPLE>
            </EXAMPLES>
            <SYNTAX>
                <NP value="Patient">
                    <SYNRESTRS/>
                </NP>
                <VERB/>
            </SYNTAX>
            <SEMANTICS>
                <PRED value="path_rel">
                    <ARGS>
                        <ARG type="Event" value="start(E)"/>
                        <ARG type="ThemRole" value="?Initial_State"/>
                        <ARG type="ThemRole" value="Patient"/>
                        <ARG type="Constant" value="ch_of_state"/>
                        <ARG type="VerbSpecific" value="prep"/>
                    </ARGS>
                </PRED>
                <PRED value="path_rel">
                    <ARGS>
                        <ARG type="Event" value="result(E)"/>
                        <ARG type="ThemRole" value="?Result"/>
                        <ARG type="ThemRole" value="Patient"/>
                        <ARG type="Constant" value="ch_of_state"/>
                        <ARG type="VerbSpecific" value="prep"/>
                    </ARGS>
                </PRED>
            </SEMANTICS>
        </FRAME>
        <FRAME>
            <DESCRIPTION descriptionNumber="" primary="NP V NP" secondary="Basic Transitive" xtag=""/>
            <EXAMPLES>
                <EXAMPLE>The 1980s bull market transformed the U.S. securities business.</EXAMPLE>
            </EXAMPLES>
            <SYNTAX>
                <NP value="Agent">
                    <SYNRESTRS/>
                </NP>
                <VERB/>
                <NP value="Patient">
                    <SYNRESTRS/>
                </NP>
            </SYNTAX>
            <SEMANTICS>
                <PRED value="path_rel">
                    <ARGS>
                        <ARG type="Event" value="start(E)"/>
                        <ARG type="ThemRole" value="?Initial_State"/>
                        <ARG type="ThemRole" value="Patient"/>
                        <ARG type="Constant" value="ch_of_state"/>
                        <ARG type="VerbSpecific" value="prep"/>
                    </ARGS>
                </PRED>
                <PRED value="path_rel">
                    <ARGS>
                        <ARG type="Event" value="result(E)"/>
                        <ARG type="ThemRole" value="?Result"/>
                        <ARG type="ThemRole" value="Patient"/>
                        <ARG type="Constant" value="ch_of_state"/>
                        <ARG type="VerbSpecific" value="prep"/>
                    </ARGS>
                </PRED>
                <PRED value="cause">
                    <ARGS>
                        <ARG type="ThemRole" value="Agent"/>
                        <ARG type="Event" value="E"/>
                    </ARGS>
                </PRED>
            </SEMANTICS>
        </FRAME>
    </FRAMES>
    <SUBCLASSES>
        <VNSUBCLASS ID="turn-26.6.1-1">
            <MEMBERS>
                <MEMBER name="change" wn="change%2:30:00 change%2:30:01 change%2:30:08" grouping="change.01"/>
                <MEMBER name="convert" wn="convert%2:30:03 convert%2:30:00 convert%2:30:01 convert%2:30:02 convert%2:30:07 convert%2:30:04" grouping="convert.01 convert.02"/>
                <MEMBER name="turn" wn="turn%2:42:00 turn%2:30:03 turn%2:30:09 turn%2:42:13" grouping="turn.01 turn.03 turn.09"/>
            </MEMBERS>
            <THEMROLES/>
            <FRAMES>
                <FRAME>
                    <DESCRIPTION descriptionNumber="" primary="NP V PP.result" secondary="PP; w/ endstate" xtag=""/>
                    <EXAMPLES>
                        <EXAMPLE>He converted to a world without CFCs.</EXAMPLE>
                    </EXAMPLES>
                    <SYNTAX>
                        <NP value="Agent">
                            <SYNRESTRS/>
                        </NP>
                        <VERB/>
                        <PREP value="to">
                            <SELRESTRS/>
                        </PREP>
                        <NP value="Result">
                            <SYNRESTRS/>
                        </NP>
                    </SYNTAX>
                    <SEMANTICS>
                        <PRED value="path_rel">
                            <ARGS>
                                <ARG type="Event" value="start(E)"/>
                                <ARG type="ThemRole" value="?Initial_State"/>
                                <ARG type="ThemRole" value="?Patient"/>
                                <ARG type="Constant" value="ch_of_state"/>
                                <ARG type="VerbSpecific" value="prep"/>
                            </ARGS>
                        </PRED>
                        <PRED value="path_rel">
                            <ARGS>
                                <ARG type="Event" value="result(E)"/>
                                <ARG type="ThemRole" value="Result"/>
                                <ARG type="ThemRole" value="?Patient"/>
                                <ARG type="Constant" value="ch_of_state"/>
                                <ARG type="VerbSpecific" value="prep"/>
                            </ARGS>
                        </PRED>
                        <PRED value="cause">
                            <ARGS>
                                <ARG type="ThemRole" value="Agent"/>
                                <ARG type="Event" value="E"/>
                            </ARGS>
                        </PRED>
                    </SEMANTICS>
                </FRAME>
                <FRAME>
                    <DESCRIPTION descriptionNumber="" primary="NP V PP.material PP.result" secondary="PP-PP; w/ beginning state w/ end state" xtag=""/>
                    <EXAMPLES>
                        <EXAMPLE>The thrift converted from a mutual form in April 1986 to a stock form of ownership.</EXAMPLE>
                    </EXAMPLES>
                    <SYNTAX>
                        <NP value="Agent">
                            <SYNRESTRS/>
                        </NP>
                        <VERB/>
                        <PREP value="from">
                            <SELRESTRS/>
                        </PREP>
                        <NP value="Initial_State">
                            <SYNRESTRS/>
                        </NP>
                        <PREP value="to">
                            <SELRESTRS/>
                        </PREP>
                        <NP value="Result">
                            <SYNRESTRS/>
                        </NP>
                    </SYNTAX>
                    <SEMANTICS>
                        <PRED value="path_rel">
                            <ARGS>
                                <ARG type="Event" value="start(E)"/>
                                <ARG type="ThemRole" value="Initial_State"/>
                                <ARG type="ThemRole" value="?Patient"/>
                                <ARG type="Constant" value="ch_of_state"/>
                                <ARG type="VerbSpecific" value="prep"/>
                            </ARGS>
                        </PRED>
                        <PRED value="path_rel">
                            <ARGS>
                                <ARG type="Event" value="result(E)"/>
                                <ARG type="ThemRole" value="Result"/>
                                <ARG type="ThemRole" value="?Patient"/>
                                <ARG type="Constant" value="ch_of_state"/>
                                <ARG type="VerbSpecific" value="prep"/>
                            </ARGS>
                        </PRED>
                        <PRED value="cause">
                            <ARGS>
                                <ARG type="ThemRole" value="Agent"/>
                                <ARG type="Event" value="E"/>
                            </ARGS>
                        </PRED>
                    </SEMANTICS>
                </FRAME>
                <FRAME>
                    <DESCRIPTION descriptionNumber="" primary="NP V PP.result  PP.material" secondary="PP-PP; w/ end state w/ beginning state" xtag=""/>
                    <EXAMPLES>
                        <EXAMPLE>The thrift converted to a stock form of ownership from a mutual form in April 1986.</EXAMPLE>
                    </EXAMPLES>
                    <SYNTAX>
                        <NP value="Agent">
                            <SYNRESTRS/>
                        </NP>
                        <VERB/>
                        <PREP value="to">
                            <SELRESTRS/>
                        </PREP>
                        <NP value="Result">
                            <SYNRESTRS/>
                        </NP>
                        <PREP value="from">
                            <SELRESTRS/>
                        </PREP>
                        <NP value="Initial_State">
                            <SYNRESTRS/>
                        </NP>
                    </SYNTAX>
                    <SEMANTICS>
                        <PRED value="path_rel">
                            <ARGS>
                                <ARG type="Event" value="start(E)"/>
                                <ARG type="ThemRole" value="Initial_State"/>
                                <ARG type="ThemRole" value="?Patient"/>
                                <ARG type="Constant" value="ch_of_state"/>
                                <ARG type="VerbSpecific" value="prep"/>
                            </ARGS>
                        </PRED>
                        <PRED value="path_rel">
                            <ARGS>
                                <ARG type="Event" value="result(E)"/>
                                <ARG type="ThemRole" value="Result"/>
                                <ARG type="ThemRole" value="?Patient"/>
                                <ARG type="Constant" value="ch_of_state"/>
                                <ARG type="VerbSpecific" value="prep"/>
                            </ARGS>
                        </PRED>
                        <PRED value="cause">
                            <ARGS>
                                <ARG type="ThemRole" value="Agent"/>
                                <ARG type="Event" value="E"/>
                            </ARGS>
                        </PRED>
                    </SEMANTICS>
                </FRAME>
            </FRAMES>
            <SUBCLASSES/>
        </VNSUBCLASS>
    </SUBCLASSES>
</VNCLASS>