<!DOCTYPE VNCLASS SYSTEM "vn_class-3.dtd">
<VNCLASS xmlns:xsi="http://www.w3.org/2001/XMLSchema-instance" ID="use-105.1" xsi:noNamespaceSchemaLocation="vn_schema-3.xsd">
    <MEMBERS>
        <MEMBER name="use" wn="use%2:34:01" grouping="use.01"/>
        <MEMBER name="utilize" wn="utilize%2:34:00" grouping="utilize.01"/>
        <MEMBER name="apply" wn="apply%2:34:00" grouping="apply.01"/>
        <MEMBER name="employ" wn="employ%2:34:00" grouping="employ.02"/>
        <MEMBER name="exert" wn="exert%2:34:00 exert%2:40:00" grouping="exert.01"/>
        <MEMBER name="exploit" wn="exploit%2:34:00 exploit%2:34:01" grouping="exploit.01"/>
        <MEMBER name="play" wn="" grouping=""/> 
        <MEMBER name="reuse" wn="reuse%2:34:00" grouping=""/>
        <MEMBER name="run" wn="run%2:35:04 run%2:35:00" grouping="run.03"/>
        <MEMBER name="work" wn="work%2:41:11 work%2:41:12" grouping="work.06"/>
    </MEMBERS>
    <THEMROLES>
        <THEMROLE type="Agent">
            <SELRESTRS logic="or">
                <SELRESTR Value="+" type="animate"/>
                <SELRESTR Value="+" type="organization"/>
            </SELRESTRS>
        </THEMROLE>
        <THEMROLE type="Theme">
            <SELRESTRS/>
        </THEMROLE>
        <THEMROLE type="Predicate">
            <SELRESTRS/>
        </THEMROLE>
    </THEMROLES>
    <FRAMES>
        <FRAME>
            <DESCRIPTION descriptionNumber="8.1" primary="NP V NP" secondary="Basic Transitive" xtag="0.2"/>
             <EXAMPLES>
                 <EXAMPLE>I used the shovel.</EXAMPLE>
             </EXAMPLES>
             <SYNTAX>
                 <NP value="Agent">
                     <SYNRESTRS/>
                 </NP>
                 <VERB/>
                 <NP value="Theme">
                     <SYNRESTRS/>
                 </NP>
             </SYNTAX>
             <SEMANTICS>
                 <PRED value="use">
                     <ARGS>
                         <ARG type="Event" value="during(E)"/>
                         <ARG type="ThemRole" value="Agent"/>
                         <ARG type="ThemRole" value="Theme"/>
                         <ARG type="ThemRole" value="?Predicate"/>
                     </ARGS>
                 </PRED>
             </SEMANTICS>
       </FRAME>
        <FRAME>
            <DESCRIPTION descriptionNumber="8.1" primary="NP V NP ADV" secondary="NP-ADVP" xtag="0.2"/>
            <EXAMPLES>
                <EXAMPLE>I used the shovel well.</EXAMPLE>
            </EXAMPLES>
            <SYNTAX>
                <NP value="Agent">
                    <SYNRESTRS/>
                </NP>
                <VERB/>
                <NP value="Theme">
                    <SYNRESTRS/>
                </NP>
                <ADV/>
            </SYNTAX>
            <SEMANTICS>
                <PRED value="use">
                    <ARGS>
                        <ARG type="Event" value="during(E)"/>
                        <ARG type="ThemRole" value="Agent"/>
                        <ARG type="ThemRole" value="Theme"/>
                        <ARG type="ThemRole" value="Predicate"/>
                    </ARGS>
                </PRED>
            </SEMANTICS>
        </FRAME>
        <FRAME>
            <DESCRIPTION descriptionNumber="8.1" primary="NP V NP PP.predicate" secondary="NP-PP; for-PP" xtag="0.2"/>
            <EXAMPLES>
                <EXAMPLE>I used the shovel for digging .</EXAMPLE>
            </EXAMPLES>
            <SYNTAX>
                <NP value="Agent">
                    <SYNRESTRS/>
                </NP>
                <VERB/>
                <NP value="Theme">
                    <SYNRESTRS/>
                </NP>
		<PREP value="for">
		    <SELRESTRS/>
		</PREP>
                <NP value="Predicate">
                    <SYNRESTRS/>
                </NP>
            </SYNTAX>
            <SEMANTICS>
                <PRED value="use">
                    <ARGS>
                        <ARG type="Event" value="during(E)"/>
                        <ARG type="ThemRole" value="Agent"/>
                        <ARG type="ThemRole" value="Theme"/>
                        <ARG type="ThemRole" value="Predicate"/>
                    </ARGS>
                </PRED>
            </SEMANTICS>
        </FRAME>
        <FRAME>
            <DESCRIPTION descriptionNumber="8.1" primary="NP V NP S_INF" secondary="NP-TO-INF-VC" xtag="0.2"/>
            <EXAMPLES>
                <EXAMPLE>I used the cupboard to store food.</EXAMPLE>
            </EXAMPLES>
            <SYNTAX>
                <NP value="Agent">
                    <SYNRESTRS/>
                </NP>
                <VERB/>
                <NP value="Theme">
                    <SYNRESTRS/>
                </NP>
                <NP value="Predicate">
		    <SYNRESTRS>
	                <SYNRESTR Value="+" type="oc_to_inf"/>
		    </SYNRESTRS>
                </NP>
            </SYNTAX>
            <SEMANTICS>
                <PRED value="use">
                    <ARGS>
                        <ARG type="Event" value="during(E)"/>
                        <ARG type="ThemRole" value="Agent"/>
                        <ARG type="ThemRole" value="Theme"/>
                        <ARG type="ThemRole" value="Predicate"/>
                    </ARGS>
                </PRED>
            </SEMANTICS>
        </FRAME>
    </FRAMES>
    <SUBCLASSES/>
</VNCLASS>
