<!DOCTYPE VNCLASS SYSTEM "vn_class-3.dtd">
<VNCLASS xmlns:xsi="http://www.w3.org/2001/XMLSchema-instance" ID="waltz-51.5" xsi:noNamespaceSchemaLocation="vn_schema-3.xsd">
    <MEMBERS>
        <!--Each member also adds a manner predicate-->
        <MEMBER name="boogie" wn="boogie%2:38:00" grouping=""/>
        <MEMBER name="bop" wn="bop%2:38:00" grouping=""/>
        <MEMBER name="cancan" wn="" grouping=""/>
        <MEMBER name="clog" wn="clog%2:36:00" grouping="clog.04"/>
        <MEMBER name="conga" wn="conga%2:38:00" grouping=""/>
        <MEMBER name="dance" wn="dance%2:36:00" grouping="dance.01"/>
        <MEMBER name="foxtrot" wn="foxtrot%2:38:00" grouping=""/>
        <MEMBER name="jig" wn="jig%2:38:00" grouping=""/>
        <MEMBER name="jitterbug" wn="jitterbug%2:38:00" grouping=""/>
        <MEMBER name="jive" wn="jive%2:36:00" grouping=""/>
        <MEMBER name="pirouette" wn="pirouette%2:38:00" grouping=""/>
        <MEMBER name="polka" wn="polka%2:38:00" grouping=""/>
        <MEMBER name="quickstep" wn="quickstep%2:38:00" grouping=""/>
        <MEMBER name="rumba" wn="rumba%2:38:00" grouping=""/>
        <MEMBER name="samba" wn="samba%2:38:00" grouping=""/>
        <MEMBER name="shuffle" wn="" grouping="shuffle.01"/>
        <MEMBER name="squaredance" wn="" grouping=""/>
        <MEMBER name="tango" wn="tango%2:38:00" grouping=""/>
        <MEMBER name="tapdance" wn="tapdance%2:38:00" grouping=""/>
        <MEMBER name="waltz" wn="waltz%2:38:00" grouping=""/>
    </MEMBERS>
    <THEMROLES>
        <THEMROLE type="Agent">
            <SELRESTRS>
                <SELRESTR Value="+" type="animate"/>
            </SELRESTRS>
        </THEMROLE>
        <THEMROLE type="Theme">
            <SELRESTRS>
                <SELRESTR Value="+" type="animate"/>
            </SELRESTRS>
        </THEMROLE>
        <THEMROLE type="Trajectory">
            <SELRESTRS>
                <SELRESTR Value="+" type="concrete"/>
            </SELRESTRS>
        </THEMROLE>
        <THEMROLE type="Goal">
                <SELRESTRS/>
        </THEMROLE>
    </THEMROLES>
    <FRAMES>
        <FRAME>
            <DESCRIPTION descriptionNumber="0.1" primary="NP.theme V" secondary="Basic Intransitive; inchoative" xtag="0.1"/>
            <!-- bop might not allow this frame-->
            <EXAMPLES>
                <EXAMPLE>They waltzed.</EXAMPLE>
            </EXAMPLES>
            <SYNTAX>
                <NP value="Theme">
                    <SYNRESTRS/>
                </NP>
                <VERB/>
            </SYNTAX>
            <SEMANTICS>
                <PRED value="motion">
                    <ARGS>
                        <ARG type="Event" value="during(E)"/>
                        <ARG type="ThemRole" value="Theme"/>
                    </ARGS>
                </PRED>
                <PRED value="path_rel">
                    <ARGS>
                        <ARG type="Event" value="during(E)"/>
                        <ARG type="ThemRole" value="Theme"/>
                        <ARG type="ThemRole" value="?Trajectory"/>
                        <ARG type="Constant" value="ch_of_loc"/>
                        <ARG type="VerbSpecific" value="prep"/>
                    </ARGS>
                </PRED>
            </SEMANTICS>
        </FRAME>
        <FRAME>
            <DESCRIPTION descriptionNumber="0.1" primary="NP V PP.trajectory PP.goal" secondary="PP; locative-PP" xtag=""/>
            <EXAMPLES>
                <EXAMPLE>They waltzed across the room and into the hallway.</EXAMPLE>
            </EXAMPLES>
            <SYNTAX>
                <NP value="Theme">
                    <SYNRESTRS/>
                </NP>
                <VERB/>
                <PREP>
                    <SELRESTRS>
                        <SELRESTR Value="+" type="path"/>
                    </SELRESTRS>
                </PREP>
                <NP value="Trajectory">
                    <SELRESTRS/>
                </NP>
                <NP value="Goal">
                    <SELRESTRS/>
                </NP>
            </SYNTAX>
            <SEMANTICS>
                <PRED value="motion">
                    <ARGS>
                        <ARG type="Event" value="during(E)"/>
                        <ARG type="ThemRole" value="Theme"/>
                    </ARGS>
                </PRED>
                <PRED value="path_rel">
                    <ARGS>
                        <ARG type="Event" value="start(E)"/>
                        <ARG type="ThemRole" value="Theme"/>
                        <ARG type="ThemRole" value="?Initial_Location"/>
                        <ARG type="Constant" value="ch_of_loc"/>
                        <ARG type="VerbSpecific" value="prep"/>
                    </ARGS>
                </PRED>
                <PRED value="path_rel">
                    <ARGS>
                        <ARG type="Event" value="during(E)"/>
                        <ARG type="ThemRole" value="Theme"/>
                        <ARG type="ThemRole" value="Trajectory"/>
                        <ARG type="Constant" value="ch_of_loc"/>
                        <ARG type="VerbSpecific" value="prep"/>
                    </ARGS>
                </PRED>
                <PRED value="path_rel">
                    <ARGS>
                        <ARG type="Event" value="end(E)"/>
                        <ARG type="ThemRole" value="Theme"/>
                        <ARG type="ThemRole" value="Goal"/>
                        <ARG type="Constant" value="ch_of_loc"/>
                        <ARG type="VerbSpecific" value="prep"/>
                    </ARGS>
                </PRED>
            </SEMANTICS>
        </FRAME>
        <FRAME>
            <DESCRIPTION descriptionNumber="1.1.2.2" primary="NP V NP PP.trajectory" secondary="NP-PP; Induced Action with accompanied motion, path-PP" xtag=""/>
            <EXAMPLES>
                <EXAMPLE>He waltzed her across the floor.</EXAMPLE>
            </EXAMPLES>
            <SYNTAX>
                <NP value="Agent">
                    <SYNRESTRS/>
                </NP>
                <VERB/>
                <NP value="Theme">
                    <SYNRESTRS/>
                </NP>
                <PREP>
                    <SELRESTRS>
                        <SELRESTR Value="+" type="path"/>
                    </SELRESTRS>
                </PREP>
                <NP value="Trajectory">
                    <SELRESTRS/>
                </NP>
            </SYNTAX>
            <SEMANTICS>
                <PRED value="motion">
                    <ARGS>
                        <ARG type="Event" value="during(E0)"/>
                        <ARG type="ThemRole" value="Theme"/>
                    </ARGS>
                </PRED>
                <PRED value="path_rel">
                    <ARGS>
                        <ARG type="Event" value="start(E0)"/>
                        <ARG type="ThemRole" value="Theme"/>
                        <ARG type="ThemRole" value="?Initial_Location"/>
                        <ARG type="Constant" value="ch_of_loc"/>
                        <ARG type="VerbSpecific" value="prep"/> 
                    </ARGS>  
                </PRED>
                <PRED value="path_rel">
                    <ARGS>
                        <ARG type="Event" value="during(E0)"/>
                        <ARG type="ThemRole" value="Theme"/>
                        <ARG type="ThemRole" value="Trajectory"/>
                        <ARG type="Constant" value="ch_of_loc"/>
                        <ARG type="VerbSpecific" value="prep"/>
                    </ARGS>
                </PRED>
                <PRED value="path_rel">
                    <ARGS>
                        <ARG type="Event" value="end(E0)"/>
                        <ARG type="ThemRole" value="Theme"/>
                        <ARG type="ThemRole" value="?Goal"/>
                        <ARG type="Constant" value="ch_of_loc"/>
                        <ARG type="VerbSpecific" value="prep"/>
                    </ARGS>
                </PRED>
                <PRED value="cause">
                    <ARGS>
                        <ARG type="ThemRole" value="Agent"/>
                        <ARG type="Event" value="E0"/>
                    </ARGS>
                </PRED>
                <PRED value="equals">
                    <ARGS>
                        <ARG type="Event" value="E0"/>
                        <ARG type="Event" value="E1"/>
                    </ARGS>
                </PRED>
                <PRED value="motion">
                    <ARGS>
                        <ARG type="Event" value="during(E1)"/>
                        <ARG type="ThemRole" value="Agent"/>
                    </ARGS>
                </PRED>
                <PRED value="path_rel">
                    <ARGS>
                        <ARG type="Event" value="start(E1)"/>
                        <ARG type="ThemRole" value="Agent"/>
                        <ARG type="ThemRole" value="?Initial_Location"/>
                        <ARG type="Constant" value="ch_of_loc"/>
                        <ARG type="VerbSpecific" value="prep"/> 
                    </ARGS>
                </PRED>
                <PRED value="path_rel">
                    <ARGS>
                        <ARG type="Event" value="during(E1)"/>
                        <ARG type="ThemRole" value="Agent"/>
                        <ARG type="ThemRole" value="Trajectory"/>
                        <ARG type="Constant" value="ch_of_loc"/>
                        <ARG type="VerbSpecific" value="prep"/>
                    </ARGS>
                </PRED>
                <PRED value="path_rel">
                    <ARGS>
                        <ARG type="Event" value="end(E1)"/>
                        <ARG type="ThemRole" value="Agent"/>
                        <ARG type="ThemRole" value="?Goal"/>
                        <ARG type="Constant" value="ch_of_loc"/>
                        <ARG type="VerbSpecific" value="prep"/>
                    </ARGS>
                </PRED>
            </SEMANTICS>
        </FRAME>
        <FRAME>
            <DESCRIPTION descriptionNumber="0.4" primary="NP V NP ADJP" secondary="NP-ADJP; Resultative" xtag=""/>
            <EXAMPLES>
                <EXAMPLE>He waltzed her dizzy.</EXAMPLE>
            </EXAMPLES>
            <SYNTAX>
                <NP value="Agent">
                    <SYNRESTRS/>
                </NP>
                <VERB/>
                <NP value="Theme">
                    <SYNRESTRS/>
                </NP>
                <NP value="Goal">
                    <SYNRESTRS/>
                </NP> 
            </SYNTAX>
            <SEMANTICS>
                <PRED value="motion">
                    <ARGS>
                        <ARG type="Event" value="during(E)"/>
                        <ARG type="ThemRole" value="Theme"/>
                    </ARGS>
                </PRED>
                <PRED value="cause">
                    <ARGS>
                        <ARG type="ThemRole" value="Agent"/>
                        <ARG type="Event" value="E"/>
                    </ARGS>
                </PRED>
                <PRED value="path_rel">
                    <ARGS>
                        <ARG type="Event" value="start(E)"/> 
                        <ARG type="ThemRole" value="Agent"/>
                        <ARG type="ThemRole" value="?Source"/>
                        <ARG type="Constant" value="ch_of_loc"/>
                        <ARG type="VerbSpecific" value="prep"/>
                    </ARGS>
                </PRED>
                <PRED value="path_rel">
                    <ARGS>
                        <ARG type="Event" value="end(E)"/>
                        <ARG type="ThemRole" value="Theme"/>
                        <ARG type="ThemRole" value="Goal"/>
                        <ARG type="Constant" value="ch_of_loc"/>
                        <ARG type="VerbSpecific" value="prep"/>
                    </ARGS>
                </PRED>
            </SEMANTICS>
        </FRAME>
        <FRAME>
            <DESCRIPTION descriptionNumber="0.4" primary="NP V NP PP.goal" secondary="NP-PP; Result-PP" xtag=""/>
            <EXAMPLES>
                <EXAMPLE>He waltzed her to exhaustion.</EXAMPLE>
            </EXAMPLES>
            <SYNTAX>
                <NP value="Agent">
                    <SYNRESTRS/>
                </NP>
                <VERB/>
                <NP value="Theme">
                    <SYNRESTRS/>
                </NP>
                <PREP value="to into">
                    <SELRESTRS/>
                </PREP>
                <NP value="Goal">
                    <SELRESTRS>
                        <SELRESTR Value="+" type="state"/>
                    </SELRESTRS>
                </NP>
            </SYNTAX>
            <SEMANTICS>
                <PRED value="motion">
                    <ARGS>
                        <ARG type="Event" value="during(E)"/>
                        <ARG type="ThemRole" value="Theme"/>
                    </ARGS>
                </PRED>
                <PRED value="cause">
                    <ARGS>
                        <ARG type="ThemRole" value="Agent"/>
                        <ARG type="Event" value="E"/>
                    </ARGS>
                </PRED>
                <PRED value="path_rel">
                    <ARGS>
                        <ARG type="Event" value="start(E)"/>
                        <ARG type="ThemRole" value="Theme"/>
                        <ARG type="ThemRole" value="?Source"/>
                        <ARG type="Constant" value="ch_of_loc"/>
                        <ARG type="VerbSpecific" value="prep"/>
                    </ARGS>
                </PRED>
                <PRED value="path_rel">
                    <ARGS>
                        <ARG type="Event" value="end(E)"/>
                        <ARG type="ThemRole" value="Theme"/>
                        <ARG type="ThemRole" value="Goal"/>
                        <ARG type="Constant" value="ch_of_loc"/>
                        <ARG type="VerbSpecific" value="prep"/>
                    </ARGS>
                </PRED>
            </SEMANTICS>
        </FRAME>
    </FRAMES>
    <SUBCLASSES/>
</VNCLASS>