<!DOCTYPE VNCLASS SYSTEM "vn_class-3.dtd">
<VNCLASS xmlns:xsi="http://www.w3.org/2001/XMLSchema-instance" ID="wish-62" xsi:noNamespaceSchemaLocation="vn_schema-3.xsd">
    <MEMBERS>
        <MEMBER name="expect" wn="expect%2:32:00" grouping="expect.01"/>
        <MEMBER name="wish" wn="wish%2:37:02" grouping="wish.02"/>
        <MEMBER name="intend" wn="intend%2:31:00" grouping="intend.01"/>
        <MEMBER name="plan" wn="plan%2:31:01" grouping="plan.01"/>
        <MEMBER name="propose" wn="propose%2:31:01" grouping="propose.02"/>
        <MEMBER name="think" wn="think%2:31:03" grouping="think.05"/>
        <MEMBER name="aim" wn="aim%2:31:01" grouping="aim.02"/>
        <MEMBER name="dream" wn="dream%2:36:00" grouping="dream.01"/>
        <MEMBER name="imagine" wn="imagine%2:31:01" grouping="imagine.02"/>
        <MEMBER name="yen" wn="yen%2:37:00" grouping=""/>
    </MEMBERS>
    <THEMROLES>
        <THEMROLE type="Experiencer">
            <SELRESTRS logic="or">
                <SELRESTR Value="+" type="animate"/>
                <SELRESTR Value="+" type="organization"/>
            </SELRESTRS>
        </THEMROLE>
        <THEMROLE type="Stimulus">
            <SELRESTRS/>
        </THEMROLE>
    </THEMROLES>
    <FRAMES>
        <FRAME>
            <DESCRIPTION descriptionNumber="8.1" primary="NP V for NP S_INF" secondary="FOR-TO-INF" xtag="0.2"/>
            <EXAMPLES>
                <EXAMPLE>I wished for her to do it.</EXAMPLE>
            </EXAMPLES>
            <SYNTAX>
                <NP value="Experiencer">
                    <SYNRESTRS/>
                </NP>
                <VERB/>
                <NP value="Stimulus">
                    <SYNRESTRS>
                        <SYNRESTR Value="+" type="for_comp"/>
                    </SYNRESTRS>
                </NP>
            </SYNTAX>
            <SEMANTICS>
                <PRED value="desire">
                    <ARGS>
                        <ARG type="Event" value="E"/>
                        <ARG type="ThemRole" value="Experiencer"/>
                        <ARG type="ThemRole" value="Stimulus"/>
                    </ARGS>
                </PRED>
            </SEMANTICS>
        </FRAME>
        <FRAME>
            <DESCRIPTION descriptionNumber="8.1" primary="NP V NP" secondary="NP" xtag="0.2"/>
            <EXAMPLES>
                <EXAMPLE>I wished it.</EXAMPLE>
            </EXAMPLES>
            <SYNTAX>
                <NP value="Experiencer">
                    <SYNRESTRS/>
                </NP>
                <VERB/>
                <NP value="Stimulus">
                    <SYNRESTRS>
                        <SYNRESTR Value="-" type="sentential"/>
                    </SYNRESTRS>
                </NP>
            </SYNTAX>
            <SEMANTICS>
                <PRED value="desire">
                    <ARGS>
                        <ARG type="Event" value="E"/>
                        <ARG type="ThemRole" value="Experiencer"/>
                        <ARG type="ThemRole" value="Stimulus"/>
                    </ARGS>
                </PRED>
            </SEMANTICS>
        </FRAME>
        <FRAME>
            <DESCRIPTION descriptionNumber="8.1" primary="NP V NP to be ADJ" secondary="Infinitival Copular Clause" xtag="0.2"/>
            <EXAMPLES>
                <EXAMPLE>I wished him to be nice.</EXAMPLE>
            </EXAMPLES>
            <SYNTAX>
                <NP value="Experiencer">
                    <SYNRESTRS/>
                </NP>
                <VERB/>
                <NP value="Stimulus">
                    <SYNRESTRS>
                        <SYNRESTR Value="+" type="to_be"/>
                    </SYNRESTRS>
                </NP>
            </SYNTAX>
            <SEMANTICS>
                <PRED value="desire">
                    <ARGS>
                        <ARG type="Event" value="E"/>
                        <ARG type="ThemRole" value="Experiencer"/>
                        <ARG type="ThemRole" value="Stimulus"/>
                    </ARGS>
                </PRED>
            </SEMANTICS>
        </FRAME>
        <FRAME>
            <DESCRIPTION descriptionNumber="8.1" primary="NP V NP ADJ" secondary="NP-VEN-NP-OMIT" xtag="0.2"/>
            <EXAMPLES>
                <EXAMPLE>I wished the children found.</EXAMPLE>
            </EXAMPLES>
            <SYNTAX>
                <NP value="Experiencer">
                    <SYNRESTRS/>
                </NP>
                <VERB/>
                <NP value="Stimulus">
                    <SYNRESTRS>
                        <SYNRESTR Value="+" type="np_ppart"/>
                    </SYNRESTRS>
                </NP>
            </SYNTAX>
            <SEMANTICS>
                <PRED value="desire">
                    <ARGS>
                        <ARG type="Event" value="E"/>
                        <ARG type="ThemRole" value="Experiencer"/>
                        <ARG type="ThemRole" value="Stimulus"/>
                    </ARGS>
                </PRED>
            </SEMANTICS>
        </FRAME>
        <FRAME>
            <DESCRIPTION descriptionNumber="8.1" primary="NP V that S" secondary="S" xtag="0.2"/>
            <EXAMPLES>
                <EXAMPLE>He wished that she would come immediately.</EXAMPLE>
            </EXAMPLES>
            <SYNTAX>
                <NP value="Experiencer">
                    <SYNRESTRS/>
                </NP>
                <VERB/>
                <NP value="Stimulus">
                    <SYNRESTRS>
                        <SYNRESTR Value="+" type="that_comp"/>
                    </SYNRESTRS>
                </NP>
            </SYNTAX>
            <SEMANTICS>
                <PRED value="desire">
                    <ARGS>
                        <ARG type="Event" value="E"/>
                        <ARG type="ThemRole" value="Experiencer"/>
                        <ARG type="ThemRole" value="Stimulus"/>
                    </ARGS>
                </PRED>
            </SEMANTICS>
        </FRAME>
        <FRAME>
            <DESCRIPTION descriptionNumber="8.1" primary="NP V S_INF" secondary="TO-INF-SC" xtag="0.2"/>
            <EXAMPLES>
                <EXAMPLE>He wished to come.</EXAMPLE>
            </EXAMPLES>
            <SYNTAX>
                <NP value="Experiencer">
                    <SYNRESTRS/>
                </NP>
                <VERB/>
                <NP value="Stimulus">
                    <SYNRESTRS>
                        <SYNRESTR Value="+" type="sc_to_inf"/>
                    </SYNRESTRS>
                </NP>
            </SYNTAX>
            <SEMANTICS>
                <PRED value="desire">
                    <ARGS>
                        <ARG type="Event" value="E"/>
                        <ARG type="ThemRole" value="Experiencer"/>
                        <ARG type="ThemRole" value="Stimulus"/>
                    </ARGS>
                </PRED>
            </SEMANTICS>
        </FRAME>
    </FRAMES>
    <SUBCLASSES/>
</VNCLASS>