<!DOCTYPE VNCLASS SYSTEM "vn_class-3.dtd">
<VNCLASS xmlns:xsi="http://www.w3.org/2001/XMLSchema-instance" ID="work-73.2" xsi:noNamespaceSchemaLocation="vn_schema-3.xsd">
    <MEMBERS>
        <MEMBER name="bang_away" wn="" grouping=""/>
        <MEMBER name="labor" wn="labor%2:41:01 labor%2:41:00" grouping="labor.01"/>
	<MEMBER name="labour" wn="labour%2:41:01 labour%2:41:00" grouping="labor.01"/>
        <MEMBER name="plug_away" wn="plug_away%2:30:00" grouping="plug.02"/>
        <MEMBER name="slog_away" wn="slog%2:41:00" grouping="slog.01"/>
        <MEMBER name="work" wn="work%2:41:02 work%2:41:00 work%2:29:00 work%2:41:04 work%2:38:02 work%2:41:01" grouping="work.01"/>
    </MEMBERS>
    <THEMROLES>
        <THEMROLE type="Agent">
            <SELRESTRS logic="or">
                <SELRESTR Value="+" type="animate"/>
                <SELRESTR Value="+" type="organization"/>
            </SELRESTRS>
        </THEMROLE>
        <THEMROLE type="Co-Agent">
	    <SELRESTRS/>
        </THEMROLE>
        <THEMROLE type="Theme">
            <SELRESTRS/>
        </THEMROLE>
    </THEMROLES>
    <FRAMES>
	<FRAME>
	    <DESCRIPTION descriptionNumber="0.1" primary="NP V" secondary="Basic Intransitive" xtag="0.2"/>
	    <EXAMPLES>
		<EXAMPLE>Amanda worked.</EXAMPLE>
	    </EXAMPLES>
	    <SYNTAX>
		<NP value="Agent">
		    <SYNRESTRS/>
		</NP>
		<VERB/>
	    </SYNTAX>
	    <SEMANTICS>
		<PRED value="work">
		    <ARGS>
		        <ARG type="ThemRole" value="Agent"/>
		        <ARG type="ThemRole" value="?Theme"/>
		    </ARGS>
		</PRED>
	    </SEMANTICS>
	</FRAME>
	<FRAME>
	    <DESCRIPTION descriptionNumber="0.1" primary="NP V PP.theme" secondary="PP; on-PP" xtag="0.2"/>
	    <EXAMPLES>
		<EXAMPLE>Amanda worked on her essay.</EXAMPLE>
	    </EXAMPLES>
	    <SYNTAX>
		<NP value="Agent">
		    <SYNRESTRS/>
		</NP>
		<VERB/>
		<PREP value="on">
		    <SELRESTRS/>
		</PREP>
		<NP value="Theme">
		    <SYNRESTRS/>
		</NP>
	    </SYNTAX>
	    <SEMANTICS>
		<PRED value="work">
		    <ARGS>
		        <ARG type="ThemRole" value="Agent"/>
		        <ARG type="ThemRole" value="Theme"/>
		    </ARGS>
		</PRED>
	    </SEMANTICS>
	</FRAME>
	<FRAME>
	    <DESCRIPTION descriptionNumber="0.1" primary="NP V PP.co-agent PP.theme" secondary="PP-PP; with-PP on-PP" xtag="0.2"/>
	    <EXAMPLES>
		<EXAMPLE>Amanda worked with Paul on her essay.</EXAMPLE>
	    </EXAMPLES>
	    <SYNTAX>
		<NP value="Agent">
		    <SYNRESTRS/>
		</NP>
		<VERB/>
		<PREP value="with">
		    <SELRESTRS/>
		</PREP>
		<NP value="Co-Agent">
		    <SYNRESTRS/>
		</NP>
		<PREP value="on">
		    <SELRESTRS/>
		</PREP>
		<NP value="Theme">
		    <SYNRESTRS/>
		</NP>
	    </SYNTAX>
	    <SEMANTICS>
                <PRED value="work">
                    <ARGS>
                        <ARG type="ThemRole" value="Agent"/>
                        <ARG type="ThemRole" value="Theme"/>
                    </ARGS>
                </PRED>
                <PRED value="cooperate">
                    <ARGS>
                        <ARG type="Event" value="during(E)"/>
                        <ARG type="ThemRole" value="Agent"/>
                        <ARG type="ThemRole" value="Co-Agent"/>
                        <ARG type="ThemRole" value="Theme"/>
                    </ARGS>
                </PRED>
	    </SEMANTICS>
	</FRAME>
	<FRAME>
	    <DESCRIPTION descriptionNumber="0.1" primary="NP V PP.theme S_ING" secondary="P-ING-SC; at-PP" xtag="0.2"/>
	    <EXAMPLES>
		<EXAMPLE>Amanda worked at finishing the task.</EXAMPLE>
	    </EXAMPLES>
	    <SYNTAX>
		<NP value="Agent">
		    <SYNRESTRS/>
		</NP>
		<VERB/>
		<PREP value="at">
		    <SELRESTRS/>
		</PREP>
		<NP value="Theme">
		    <SYNRESTRS>
			<SYNRESTR Value="+" type="sc_ing"/>
		    </SYNRESTRS>
		</NP>
	    </SYNTAX>
	    <SEMANTICS>
		<PRED value="work">
		    <ARGS>
		        <ARG type="ThemRole" value="Agent"/>
			<ARG type="ThemRole" value="Theme"/>
		    </ARGS>
		</PRED>
	    </SEMANTICS>
	</FRAME>
	<FRAME>
	    <DESCRIPTION descriptionNumber="0.1" primary="NP V PP.co-agent PP.theme S_ING" secondary="P-ING-SC; with-PP at-PP" xtag="0.2"/>
	    <EXAMPLES>
		<EXAMPLE>Amanda worked with Paul at finishing the task.</EXAMPLE>
	    </EXAMPLES>
	    <SYNTAX>
		<NP value="Agent">
		    <SYNRESTRS/>
		</NP>
		<VERB/>
		<PREP value="with">
		    <SELRESTRS/>
		</PREP>
		<NP value="Co-Agent">
		    <SYNRESTRS/>
		</NP>
		<PREP value="at">
		    <SELRESTRS/>
		</PREP>
		<NP value="Theme">
		    <SYNRESTRS>
			<SYNRESTR Value="+" type="sc_ing"/>
		    </SYNRESTRS>
		</NP>
	    </SYNTAX>
	    <SEMANTICS>
                <PRED value="work">
                    <ARGS>
                        <ARG type="ThemRole" value="Agent"/>
                        <ARG type="ThemRole" value="Theme"/>
                    </ARGS>
                </PRED>
                <PRED value="cooperate">
                    <ARGS>
                        <ARG type="Event" value="during(E)"/>
                        <ARG type="ThemRole" value="Agent"/>
                        <ARG type="ThemRole" value="Co-Agent"/>
                        <ARG type="ThemRole" value="Theme"/>
                    </ARGS>
                </PRED>
	    </SEMANTICS>
	</FRAME>
    </FRAMES>
    <SUBCLASSES/>
</VNCLASS>
